0xef	0xf7
0xf9	0x100
0x104	0x10d
0x11a	0x122
0x124	0x12b
0x127	0x42b
0x131	0x139
0x13b	0x142
0x146	0x14f
0x15c	0x164
0x166	0x17f
0x16e	0x17a
0x17b	0x974
0x185	0x18d
0x18f	0x196
0x19a	0x1a3
0x1b0	0x1b8
0x1ba	0x1c1
0x1c5	0x1ce
0x1db	0x1e3
0x1e5	0x1fe
0x1ed	0x1f9
0x1fa	0xe7d
0x204	0x20c
0x20e	0x215
0x211	0x109b
0x21b	0x223
0x225	0x23e
0x22d	0x239
0x242	0x251
0x25e	0x266
0x268	0x26f
0x273	0x27c
0x289	0x291
0x293	0x29a
0x29e	0x2a7
0x2b4	0x2bc
0x2be	0x2c5
0x2c9	0x2d2
0x2df	0x2e7
0x2e9	0x302
0x2f1	0x2fd
0x306	0x315
0x322	0x32a
0x32c	0x345
0x334	0x340
0x341	0x1890
0x34b	0x353
0x355	0x36e
0x35d	0x369
0x372	0x381
0x38e	0x396
0x398	0x3b1
0x3a0	0x3ac
0x42c	0x433
0x464	0x4a2
0x491	0x499
0x4a3	0x4aa
0x4ad	0x4eb
0x4da	0x4e2
0x4f2	0x4f9
0x592	0x5b0
0x5ac	0x58b
0x97a	0x981
0x9cc	0x9d5
0x9e7	0x9ef
0x9f6	0xa03
0xa1b	0xa27
0xa2a	0xa68
0xa57	0xa5f
0xa69	0xa70
0xa74	0xab2
0xaa1	0xaa9
0xac1	0xaff
0xaee	0xaf6
0xb00	0xb07
0xb57	0xb65
0xb77	0xb7f
0xb86	0xb93
0xbb0	0xbbc
0xbee	0xc2c
0xc1b	0xc23
0xc37	0xc75
0xc64	0xc6c
0xc76	0xc7f
0xc87	0xc8f
0xc96	0xca3
0xc9a	0xca2
0xca4	0xcad
0xca9	0x27cf
0xcae	0xcb7
0xcb3	0x2906
0xcb8	0xcc1
0xcbd	0x2a07
0xd0e	0xd1d
0xe81	0xe88
0xe8c	0xeca
0xeb9	0xec1
0xecb	0xed2
0xf22	0xf30
0xf42	0xf4a
0xf51	0xf5e
0xf7b	0xf87
0xfa8	0xfb1
0xfb4	0xfbc
0xfcd	0x100b
0xffa	0x1002
0x100c	0x1014
0x1010	0x2b14
0x1015	0x101d
0x1019	0x2c2e
0x101e	0x1026
0x1022	0x2d29
0x1027	0x102f
0x107b	0x1089
0x109c	0x10a3
0x10d4	0x1112
0x1101	0x1109
0x1113	0x111a
0x111e	0x115c
0x114b	0x1153
0x1163	0x116a
0x1203	0x1221
0x121d	0x11fc
0x1893	0x189a
0x193a	0x1958
0x1954	0x1933
0x19ad	0x19eb
0x19da	0x19e2
0x19ec	0x19f4
0x19f7	0x1a35
0x1a24	0x1a2c
0x1a36	0x1a3e
0x1a41	0x1a7f
0x1a6e	0x1a76
0x1b9e	0x1ba6
0x1c46	0x1c64
0x1c60	0x1c3f
0x22e9	0x2307
0x2303	0x22e2
0x2353	0x2369
0x2365	0x46d1
0x2370	0x237c
0x2378	0x46f6
0x2863	0x2881
0x287d	0x285c
0x299a	0x29b8
0x29b4	0x2993
0x2a0c	0x2a15
0x2a11	0x2a19
0x2aab	0x2ac9
0x2ac5	0x2aa4
0x2ba7	0x2bc5
0x2bc1	0x2ba0
0x2cc1	0x2cdf
0x2cdb	0x2cba
0x2dbb	0x2dd9
0x2dd5	0x2db4
0x3535	0x353d
0x3540	0x3550
0x3543	0x354b
0x3547	0x44f5
0x354c	0x44c8
0x3564	0x356c
0x356d	0x3577
0x44e3	0x44eb
0x4504	0x450c
0x46fc	0x471e
0x46fe	0x4721
0x4700	0x4724
0x4702	0x4727
0x4704	0x472a
0x4706	0x472d
0x4708	0x4730
0x470a	0x4733
0x470c	0x4736
0x470e	0x4739
0x4710	0x473c
0x4712	0x473f
0x4714	0x4742
0x4716	0x4745
0x4718	0x4748
0x471a	0x474b
0x471c	0x474e
0x42b9V0x468	0x42c1B0x468
0x42bdV0x468	0x3b84B0x468
0x4399V0x4b1	0x43a1B0x4b1
0x439dV0x4b1	0x3dc3B0x4b1
0x4339V0xa2e	0x4341B0xa2e
0x433dV0xa2e	0x3cd2B0xa2e
0x4439V0xa78	0x4441B0xa78
0x443dV0xa78	0x3f94B0xa78
0x42d9V0xac5	0x42e1B0xac5
0x42ddV0xac5	0x3be1B0xac5
0x4379V0xbf2	0x4381B0xbf2
0x437dV0xbf2	0x3d66B0xbf2
0x43b9V0xc3b	0x43c1B0xc3b
0x43bdV0xc3b	0x3dfaB0xc3b
0x4439V0xe90	0x4441B0xe90
0x443dV0xe90	0x3f94B0xe90
0x43f9V0xfd1	0x4401B0xfd1
0x43fdV0xfd1	0x3edaB0xfd1
0x42b9V0x10d8	0x42c1B0x10d8
0x42bdV0x10d8	0x3b84B0x10d8
0x4439V0x1122	0x4441B0x1122
0x443dV0x1122	0x3f94B0x1122
0x4319V0x19b1	0x4321B0x19b1
0x431dV0x19b1	0x3c9bB0x19b1
0x4459V0x19fb	0x4461B0x19fb
0x445dV0x19fb	0x3fcbB0x19fb
0x43d9V0x1a45	0x43e1B0x1a45
0x43ddV0x1a45	0x3e57B0x1a45
0x2550V0xc75	0x256eB0xc75
0x256aV0xc75	0x2549B0xc75
0x21ebV0xc7f	0x2209B0xc7f
0x2205V0xc7f	0x21e4B0xc7f
0x2550V0xf87	0x256eB0xf87
0x256aV0xf87	0x2549B0xf87
0x21ebV0xfb1	0x2209B0xfb1
0x2205V0xfb1	0x21e4B0xfb1
0x4657V0x356c	0x4661B0x356c
0x463cV0x356c	0x4652B0x356c
0x464eV0x356c	0x4637B0x356c
0x26a8V0xc9a	0x26b0B0xc9a
0x267bV0xc9a	0x26b9B0xc9a
0x260dV0xc9a	0x262bB0xc9a
0x26baV0xc9a	0x26c1B0xc9a
0x2791V0xc9a	0x27a4B0xc9a
0x2727V0xc9a	0x2745B0xc9a
0x27c3V0xc9a	0x27caB0xc9a
0x27c6V0xc9a	0x333cB0xc9a
0x333dV0xc9a	0x3357B0xc9a
0x3342V0xc9a	0x3349B0xc9a
0x2627V0xc9a	0x2606B0xc9a
0x2741V0xc9a	0x2720B0xc9a
0x4419V0x267fV0xc9a	0x4421B0x267fB0xc9a
0x441dV0x267fV0xc9a	0x3f37B0x267fB0xc9a
0x332eV0x2745V0xc9a	0x3333B0x2745B0xc9a
0x332eV0x3349V0xc9a	0x3333B0x3349B0xc9a
0x3934V0x164	0x393cB0x164
0x394eV0x164	0x3956B0x164
0x3957V0x164	0x3962B0x164
0x3979V0x164	0x3981B0x164
0x3982V0x164	0x398dB0x164
0x39a4V0x164	0x39acB0x164
0x39adV0x164	0x39b8B0x164
0x39c0V0x164	0x39cbB0x164
0x3503V0x3956V0x164	0x350bB0x3956B0x164
0x351bV0x3956V0x164	0x3523B0x3956B0x164
0x34eaV0x3956V0x164	0x34f2B0x3956B0x164
0x3503V0x3981V0x164	0x350bB0x3981B0x164
0x351bV0x3981V0x164	0x3523B0x3981B0x164
0x34eaV0x3981V0x164	0x34f2B0x3981B0x164
0x3503V0x39acV0x164	0x350bB0x39acB0x164
0x351bV0x39acV0x164	0x3523B0x39acB0x164
0x34eaV0x39acV0x164	0x34f2B0x39acB0x164
0x3583V0x39b8V0x164	0x358cB0x39b8B0x164
0x3588V0x39b8V0x164	0x45f7B0x39b8B0x164
0xd69V0x1b8	0xd70B0x1b8
0xe09V0x1b8	0xe27B0x1b8
0xe23V0x1b8	0xe02B0x1b8
0x416fV0x1c1	0x417bB0x1c1
0x3ab3V0x4166V0x1c1	0x3abbB0x4166B0x1c1
0x3ab7V0x4166V0x1c1	0x45a1B0x4166B0x1c1
0x388eV0x1e3	0x3896B0x1e3
0x38a8V0x1e3	0x38b0B0x1e3
0x38b1V0x1e3	0x38bcB0x1e3
0x38d3V0x1e3	0x38dbB0x1e3
0x38dcV0x1e3	0x38e7B0x1e3
0x38feV0x1e3	0x3906B0x1e3
0x3907V0x1e3	0x3912B0x1e3
0x3503V0x38b0V0x1e3	0x350bB0x38b0B0x1e3
0x351bV0x38b0V0x1e3	0x3523B0x38b0B0x1e3
0x34eaV0x38b0V0x1e3	0x34f2B0x38b0B0x1e3
0x3503V0x38dbV0x1e3	0x350bB0x38dbB0x1e3
0x351bV0x38dbV0x1e3	0x3523B0x38dbB0x1e3
0x34eaV0x38dbV0x1e3	0x34f2B0x38dbB0x1e3
0x3503V0x3906V0x1e3	0x350bB0x3906B0x1e3
0x351bV0x3906V0x1e3	0x3523B0x3906B0x1e3
0x34eaV0x3906V0x1e3	0x34f2B0x3906B0x1e3
0xd69V0xe7d	0xd70B0xe7d
0xe09V0xe7d	0xe27B0xe7d
0xe23V0xe7d	0xe02B0xe7d
0x365bV0x223	0x3663B0x223
0x3666V0x223	0x3671B0x223
0x3686V0x223	0x368eB0x223
0x368fV0x223	0x369aB0x223
0x36b1V0x223	0x36b9B0x223
0x36baV0x223	0x36c5B0x223
0x36dcV0x223	0x36e4B0x223
0x36e5V0x223	0x36f0B0x223
0x3491V0x3663V0x223	0x349aB0x3663B0x223
0x3496V0x3663V0x223	0x45c1B0x3663B0x223
0x3503V0x368eV0x223	0x350bB0x368eB0x223
0x351bV0x368eV0x223	0x3523B0x368eB0x223
0x34eaV0x368eV0x223	0x34f2B0x368eB0x223
0x3503V0x36b9V0x223	0x350bB0x36b9B0x223
0x351bV0x36b9V0x223	0x3523B0x36b9B0x223
0x34eaV0x36b9V0x223	0x34f2B0x36b9B0x223
0x3503V0x36e4V0x223	0x350bB0x36e4B0x223
0x351bV0x36e4V0x223	0x3523B0x36e4B0x223
0x34eaV0x36e4V0x223	0x34f2B0x36e4B0x223
0x17b9V0x2bc	0x17c1B0x2bc
0x1814V0x2bc	0x181cB0x2bc
0x167aV0x2bc	0x1681B0x2bc
0x178cV0x2bc	0x17caB0x2bc
0x171aV0x2bc	0x1738B0x2bc
0x17cbV0x2bc	0x17d2B0x2bc
0x17ebV0x2bc	0x1803B0x2bc
0x1825V0x2bc	0x182aB0x2bc
0x184bV0x2bc	0x180bB0x2bc
0x1810V0x2bc	0x184fB0x2bc
0x1734V0x2bc	0x1713B0x2bc
0x4359V0x1790V0x2bc	0x4361B0x1790B0x2bc
0x435dV0x1790V0x2bc	0x3d2fB0x1790B0x2bc
0x20edV0x1814V0x2bc	0x210bB0x1814B0x2bc
0x2107V0x1814V0x2bc	0x20e6B0x1814B0x2bc
0x35caV0x32a	0x35d2B0x32a
0x35d5V0x32a	0x35e0B0x32a
0x35e6V0x32a	0x35f1B0x32a
0x35f7V0x32a	0x3602B0x32a
0x3491V0x35d2V0x32a	0x349aB0x35d2B0x32a
0x3496V0x35d2V0x32a	0x45c1B0x35d2B0x32a
0x3491V0x35e0V0x32a	0x349aB0x35e0B0x32a
0x3496V0x35e0V0x32a	0x45c1B0x35e0B0x32a
0x3491V0x35f1V0x32a	0x349aB0x35f1B0x32a
0x3496V0x35f1V0x32a	0x45c1B0x35f1B0x32a
0x359eV0x396	0x35a6B0x396
0x35a9V0x396	0x35b4B0x396
0x3491V0x35a6V0x396	0x349aB0x35a6B0x396
0x3496V0x35a6V0x396	0x45c1B0x35a6B0x396
0xd69V0x4a2	0xd70B0x4a2
0xe09V0x4a2	0xe27B0x4a2
0xe23V0x4a2	0xe02B0x4a2
0x370bV0xa03	0x3713B0xa03
0x3716V0xa03	0x3721B0xa03
0x34a5V0x3713V0xa03	0x34aeB0x3713B0xa03
0x34aaV0x3713V0xa03	0x45e1B0x3713B0xa03
0xd69V0xa68	0xd70B0xa68
0xe09V0xa68	0xe27B0xa68
0xe23V0xa68	0xe02B0xa68
0x2ee1V0x1026	0x2f0eB0x1026
0x2e93V0x1026	0x2eb1B0x1026
0x2fbdV0x1026	0x2fd7B0x1026
0x2fc2V0x1026	0x2fc9B0x1026
0x2f6fV0x1026	0x2f8dB0x1026
0x3038V0x1026	0x3056B0x1026
0x320aV0x1026	0x3211B0x1026
0x320dV0x1026	0x33c5B0x1026
0x3107V0x1026	0x3125B0x1026
0x33c6V0x1026	0x33e0B0x1026
0x33cbV0x1026	0x33d2B0x1026
0x2eadV0x1026	0x2e8cB0x1026
0x2f89V0x1026	0x2f68B0x1026
0x3052V0x1026	0x3031B0x1026
0x3121V0x1026	0x3100B0x1026
0x33b5V0x2eb1V0x1026	0x33baB0x2eb1B0x1026
0x33b5V0x2fc9V0x1026	0x33baB0x2fc9B0x1026
0x33b5V0x33d2V0x1026	0x33baB0x33d2B0x1026
0xd69V0x1112	0xd70B0x1112
0xe09V0x1112	0xe27B0x1112
0xe23V0x1112	0xe02B0x1112
0x3245V0x1a7f	0x324cB0x1a7f
0x4229V0x100	0x4235B0x100
0x4231V0x100	0x3ad0B0x100
0x3ad1V0x100	0x3ad9B0x100
0x4604V0x3ad0V0x100	0x460cB0x3ad0B0x100
0x4110V0x196	0x411cB0x196
0x39dbV0x4107V0x196	0x39e3B0x4107B0x196
0x41a5V0x23e	0x41b1B0x23e
0x41b2V0x23e	0x41beB0x23e
0x41bfV0x23e	0x41cbB0x23e
0x41d4V0x23e	0x41ddB0x23e
0x41e8V0x23e	0x41f1B0x23e
0x41fcV0x23e	0x4205B0x23e
0x4208V0x23e	0x4214B0x23e
0x3ac2V0x419cV0x23e	0x3acaB0x419cB0x23e
0x3ac6V0x419cV0x23e	0x45adB0x419cB0x23e
0x40f9V0x41b1V0x23e	0x4101B0x41b1B0x23e
0x40fdV0x41b1V0x23e	0x45b7B0x41b1B0x23e
0x3ab3V0x4205V0x23e	0x3abbB0x4205B0x23e
0x3ab7V0x4205V0x23e	0x45a1B0x4205B0x23e
0x39dbV0x41beV0x23e	0x39e3B0x41beB0x23e
0x3b27V0x41cbV0x23e	0x3b37B0x41cbB0x23e
0x3b38V0x41cbV0x23e	0x3b40B0x41cbB0x23e
0x3b1bV0x41cbV0x23e	0x3b23B0x41cbB0x23e
0x3b1fV0x41cbV0x23e	0x455cB0x41cbB0x23e
0x4657V0x3b23V0x41cbV0x23e	0x4661B0x3b23B0x41cbB0x23e
0x463cV0x3b23V0x41cbV0x23e	0x4652B0x3b23B0x41cbB0x23e
0x464eV0x3b23V0x41cbV0x23e	0x4637B0x3b23B0x41cbB0x23e
0x3b27V0x41ddV0x23e	0x3b37B0x41ddB0x23e
0x3b38V0x41ddV0x23e	0x3b40B0x41ddB0x23e
0x3b1bV0x41ddV0x23e	0x3b23B0x41ddB0x23e
0x3b1fV0x41ddV0x23e	0x455cB0x41ddB0x23e
0x4657V0x3b23V0x41ddV0x23e	0x4661B0x3b23B0x41ddB0x23e
0x463cV0x3b23V0x41ddV0x23e	0x4652B0x3b23B0x41ddB0x23e
0x464eV0x3b23V0x41ddV0x23e	0x4637B0x3b23B0x41ddB0x23e
0x3b27V0x41f1V0x23e	0x3b37B0x41f1B0x23e
0x3b38V0x41f1V0x23e	0x3b40B0x41f1B0x23e
0x3b1bV0x41f1V0x23e	0x3b23B0x41f1B0x23e
0x3b1fV0x41f1V0x23e	0x455cB0x41f1B0x23e
0x4657V0x3b23V0x41f1V0x23e	0x4661B0x3b23B0x41f1B0x23e
0x463cV0x3b23V0x41f1V0x23e	0x4652B0x3b23B0x41f1B0x23e
0x464eV0x3b23V0x41f1V0x23e	0x4637B0x3b23B0x41f1B0x23e
0x4110V0x26f	0x411cB0x26f
0x39dbV0x4107V0x26f	0x39e3B0x4107B0x26f
0x4244V0x29a	0x4250B0x29a
0x424cV0x29a	0x3adfB0x29a
0x3ae0V0x29a	0x3ae8B0x29a
0x4616V0x3adfV0x29a	0x461eB0x3adfB0x29a
0x4133V0x2c5	0x413cB0x2c5
0x3a12V0x4122V0x2c5	0x3a1cB0x4122B0x2c5
0x39feV0x4122V0x2c5	0x3a06B0x4122B0x2c5
0x3a02V0x4122V0x2c5	0x4521B0x4122B0x2c5
0x3a1dV0x4122V0x2c5	0x3a25B0x4122B0x2c5
0x3a21V0x4122V0x2c5	0x4567B0x4122B0x2c5
0x3a34V0x4122V0x2c5	0x3a09B0x4122B0x2c5
0x3a0eV0x4122V0x2c5	0x3a38B0x4122B0x2c5
0x39ecV0x4122V0x2c5	0x39f4B0x4122B0x2c5
0x39f0V0x4122V0x2c5	0x453bB0x4122B0x2c5
0x3ac2V0x3a12V0x4122V0x2c5	0x3acaB0x3a12B0x4122B0x2c5
0x3ac6V0x3a12V0x4122V0x2c5	0x45adB0x3a12B0x4122B0x2c5
0x3617V0x2e7	0x361fB0x2e7
0x3622V0x2e7	0x362dB0x2e7
0x3633V0x2e7	0x363eB0x2e7
0x3491V0x361fV0x2e7	0x349aB0x361fB0x2e7
0x3496V0x361fV0x2e7	0x45c1B0x361fB0x2e7
0x34b9V0x362dV0x2e7	0x34c2B0x362dB0x2e7
0x41a5V0x302	0x41b1B0x302
0x41b2V0x302	0x41beB0x302
0x41bfV0x302	0x41cbB0x302
0x41d4V0x302	0x41ddB0x302
0x41e8V0x302	0x41f1B0x302
0x41fcV0x302	0x4205B0x302
0x4208V0x302	0x4214B0x302
0x3ac2V0x419cV0x302	0x3acaB0x419cB0x302
0x3ac6V0x419cV0x302	0x45adB0x419cB0x302
0x40f9V0x41b1V0x302	0x4101B0x41b1B0x302
0x40fdV0x41b1V0x302	0x45b7B0x41b1B0x302
0x3ab3V0x4205V0x302	0x3abbB0x4205B0x302
0x3ab7V0x4205V0x302	0x45a1B0x4205B0x302
0x39dbV0x41beV0x302	0x39e3B0x41beB0x302
0x3b27V0x41cbV0x302	0x3b37B0x41cbB0x302
0x3b38V0x41cbV0x302	0x3b40B0x41cbB0x302
0x3b1bV0x41cbV0x302	0x3b23B0x41cbB0x302
0x3b1fV0x41cbV0x302	0x455cB0x41cbB0x302
0x4657V0x3b23V0x41cbV0x302	0x4661B0x3b23B0x41cbB0x302
0x463cV0x3b23V0x41cbV0x302	0x4652B0x3b23B0x41cbB0x302
0x464eV0x3b23V0x41cbV0x302	0x4637B0x3b23B0x41cbB0x302
0x3b27V0x41ddV0x302	0x3b37B0x41ddB0x302
0x3b38V0x41ddV0x302	0x3b40B0x41ddB0x302
0x3b1bV0x41ddV0x302	0x3b23B0x41ddB0x302
0x3b1fV0x41ddV0x302	0x455cB0x41ddB0x302
0x4657V0x3b23V0x41ddV0x302	0x4661B0x3b23B0x41ddB0x302
0x463cV0x3b23V0x41ddV0x302	0x4652B0x3b23B0x41ddB0x302
0x464eV0x3b23V0x41ddV0x302	0x4637B0x3b23B0x41ddB0x302
0x3b27V0x41f1V0x302	0x3b37B0x41f1B0x302
0x3b38V0x41f1V0x302	0x3b40B0x41f1B0x302
0x3b1bV0x41f1V0x302	0x3b23B0x41f1B0x302
0x3b1fV0x41f1V0x302	0x455cB0x41f1B0x302
0x4657V0x3b23V0x41f1V0x302	0x4661B0x3b23B0x41f1B0x302
0x463cV0x3b23V0x41f1V0x302	0x4652B0x3b23B0x41f1B0x302
0x464eV0x3b23V0x41f1V0x302	0x4637B0x3b23B0x41f1B0x302
0x3734V0x353	0x373cB0x353
0x373fV0x353	0x374aB0x353
0x34b9V0x373cV0x353	0x34c2B0x373cB0x353
0x41a5V0x36e	0x41b1B0x36e
0x41b2V0x36e	0x41beB0x36e
0x41bfV0x36e	0x41cbB0x36e
0x41d4V0x36e	0x41ddB0x36e
0x41e8V0x36e	0x41f1B0x36e
0x41fcV0x36e	0x4205B0x36e
0x4208V0x36e	0x4214B0x36e
0x3ac2V0x419cV0x36e	0x3acaB0x419cB0x36e
0x3ac6V0x419cV0x36e	0x45adB0x419cB0x36e
0x40f9V0x41b1V0x36e	0x4101B0x41b1B0x36e
0x40fdV0x41b1V0x36e	0x45b7B0x41b1B0x36e
0x3ab3V0x4205V0x36e	0x3abbB0x4205B0x36e
0x3ab7V0x4205V0x36e	0x45a1B0x4205B0x36e
0x39dbV0x41beV0x36e	0x39e3B0x41beB0x36e
0x3b27V0x41cbV0x36e	0x3b37B0x41cbB0x36e
0x3b38V0x41cbV0x36e	0x3b40B0x41cbB0x36e
0x3b1bV0x41cbV0x36e	0x3b23B0x41cbB0x36e
0x3b1fV0x41cbV0x36e	0x455cB0x41cbB0x36e
0x4657V0x3b23V0x41cbV0x36e	0x4661B0x3b23B0x41cbB0x36e
0x463cV0x3b23V0x41cbV0x36e	0x4652B0x3b23B0x41cbB0x36e
0x464eV0x3b23V0x41cbV0x36e	0x4637B0x3b23B0x41cbB0x36e
0x3b27V0x41ddV0x36e	0x3b37B0x41ddB0x36e
0x3b38V0x41ddV0x36e	0x3b40B0x41ddB0x36e
0x3b1bV0x41ddV0x36e	0x3b23B0x41ddB0x36e
0x3b1fV0x41ddV0x36e	0x455cB0x41ddB0x36e
0x4657V0x3b23V0x41ddV0x36e	0x4661B0x3b23B0x41ddB0x36e
0x463cV0x3b23V0x41ddV0x36e	0x4652B0x3b23B0x41ddB0x36e
0x464eV0x3b23V0x41ddV0x36e	0x4637B0x3b23B0x41ddB0x36e
0x3b27V0x41f1V0x36e	0x3b37B0x41f1B0x36e
0x3b38V0x41f1V0x36e	0x3b40B0x41f1B0x36e
0x3b1bV0x41f1V0x36e	0x3b23B0x41f1B0x36e
0x3b1fV0x41f1V0x36e	0x455cB0x41f1B0x36e
0x4657V0x3b23V0x41f1V0x36e	0x4661B0x3b23B0x41f1B0x36e
0x463cV0x3b23V0x41f1V0x36e	0x4652B0x3b23B0x41f1B0x36e
0x464eV0x3b23V0x41f1V0x36e	0x4637B0x3b23B0x41f1B0x36e
0x1fa2V0x3ac	0x1faaB0x3ac
0x2014V0x3ac	0x201cB0x3ac
0x1f3dV0x3ac	0x1f44B0x3ac
0x1f75V0x3ac	0x1fb3B0x3ac
0x1fe7V0x3ac	0x2025B0x3ac
0x2026V0x3ac	0x202eB0x3ac
0x42b9V0x1f79V0x3ac	0x42c1B0x1f79B0x3ac
0x42bdV0x1f79V0x3ac	0x3b84B0x1f79B0x3ac
0x42f9V0x1febV0x3ac	0x4301B0x1febB0x3ac
0x42fdV0x1febV0x3ac	0x3c3eB0x1febB0x3ac
0x3245V0x2025V0x3ac	0x324cB0x2025B0x3ac
0x4110V0x981	0x411cB0x981
0x39dbV0x4107V0x981	0x39e3B0x4107B0x981
0x4267V0xb07	0x4271B0xb07
0x427cV0xb07	0x4286B0xb07
0x4291V0xb07	0x429bB0xb07
0x3b05V0x4256V0xb07	0x3b0dB0x4256B0xb07
0x3afaV0x4256V0xb07	0x3b04B0x4256B0xb07
0x3b00V0x4256V0xb07	0x4625B0x4256B0xb07
0x3b05V0x4271V0xb07	0x3b0dB0x4271B0xb07
0x3afaV0x4271V0xb07	0x3b04B0x4271B0xb07
0x3b00V0x4271V0xb07	0x4625B0x4271B0xb07
0x3b05V0x4286V0xb07	0x3b0dB0x4286B0xb07
0x3afaV0x4286V0xb07	0x3b04B0x4286B0xb07
0x3b00V0x4286V0xb07	0x4625B0x4286B0xb07
0x3768V0xb93	0x3770B0xb93
0x3773V0xb93	0x377eB0xb93
0x3793V0xb93	0x379bB0xb93
0x379cV0xb93	0x37a7B0xb93
0x37bcV0xb93	0x37c4B0xb93
0x37c5V0xb93	0x37d0B0xb93
0x37e5V0xb93	0x37edB0xb93
0x37eeV0xb93	0x37f9B0xb93
0x380eV0xb93	0x3816B0xb93
0x3817V0xb93	0x3822B0xb93
0x3837V0xb93	0x383fB0xb93
0x3840V0xb93	0x384bB0xb93
0x3851V0xb93	0x385cB0xb93
0x3862V0xb93	0x386dB0xb93
0x34a5V0x385cV0xb93	0x34aeB0x385cB0xb93
0x34aaV0x385cV0xb93	0x45e1B0x385cB0xb93
0x34cdV0x3770V0xb93	0x34d6B0x3770B0xb93
0x34cdV0x384bV0xb93	0x34d6B0x384bB0xb93
0x4471V0xcc1	0x447dB0xcc1
0x4486V0xcc1	0x4490B0xcc1
0x449bV0xcc1	0x44a5B0xcc1
0x44b0V0xcc1	0x44baB0xcc1
0x40f9V0x4468V0xcc1	0x4101B0x4468B0xcc1
0x40fdV0x4468V0xcc1	0x45b7B0x4468B0xcc1
0x3b05V0x447dV0xcc1	0x3b0dB0x447dB0xcc1
0x3afaV0x447dV0xcc1	0x3b04B0x447dB0xcc1
0x3b00V0x447dV0xcc1	0x4625B0x447dB0xcc1
0x3b05V0x4490V0xcc1	0x3b0dB0x4490B0xcc1
0x3afaV0x4490V0xcc1	0x3b04B0x4490B0xcc1
0x3b00V0x4490V0xcc1	0x4625B0x4490B0xcc1
0x3b05V0x44a5V0xcc1	0x3b0dB0x44a5B0xcc1
0x3afaV0x44a5V0xcc1	0x3b04B0x44a5B0xcc1
0x3b00V0x44a5V0xcc1	0x4625B0x44a5B0xcc1
0x4267V0xed2	0x4271B0xed2
0x427cV0xed2	0x4286B0xed2
0x4291V0xed2	0x429bB0xed2
0x3b05V0x4256V0xed2	0x3b0dB0x4256B0xed2
0x3afaV0x4256V0xed2	0x3b04B0x4256B0xed2
0x3b00V0x4256V0xed2	0x4625B0x4256B0xed2
0x3b05V0x4271V0xed2	0x3b0dB0x4271B0xed2
0x3afaV0x4271V0xed2	0x3b04B0x4271B0xed2
0x3b00V0x4271V0xed2	0x4625B0x4271B0xed2
0x3b05V0x4286V0xed2	0x3b0dB0x4286B0xed2
0x3afaV0x4286V0xed2	0x3b04B0x4286B0xed2
0x3b00V0x4286V0xed2	0x4625B0x4286B0xed2
0x3768V0xf5e	0x3770B0xf5e
0x3773V0xf5e	0x377eB0xf5e
0x3793V0xf5e	0x379bB0xf5e
0x379cV0xf5e	0x37a7B0xf5e
0x37bcV0xf5e	0x37c4B0xf5e
0x37c5V0xf5e	0x37d0B0xf5e
0x37e5V0xf5e	0x37edB0xf5e
0x37eeV0xf5e	0x37f9B0xf5e
0x380eV0xf5e	0x3816B0xf5e
0x3817V0xf5e	0x3822B0xf5e
0x3837V0xf5e	0x383fB0xf5e
0x3840V0xf5e	0x384bB0xf5e
0x3851V0xf5e	0x385cB0xf5e
0x3862V0xf5e	0x386dB0xf5e
0x34a5V0x385cV0xf5e	0x34aeB0x385cB0xf5e
0x34aaV0x385cV0xf5e	0x45e1B0x385cB0xf5e
0x34cdV0x3770V0xf5e	0x34d6B0x3770B0xf5e
0x34cdV0x384bV0xf5e	0x34d6B0x384bB0xf5e
0x4267V0x102f	0x4271B0x102f
0x427cV0x102f	0x4286B0x102f
0x4291V0x102f	0x429bB0x102f
0x3b05V0x4256V0x102f	0x3b0dB0x4256B0x102f
0x3afaV0x4256V0x102f	0x3b04B0x4256B0x102f
0x3b00V0x4256V0x102f	0x4625B0x4256B0x102f
0x3b05V0x4271V0x102f	0x3b0dB0x4271B0x102f
0x3afaV0x4271V0x102f	0x3b04B0x4271B0x102f
0x3b00V0x4271V0x102f	0x4625B0x4271B0x102f
0x3b05V0x4286V0x102f	0x3b0dB0x4286B0x102f
0x3afaV0x4286V0x102f	0x3b04B0x4286B0x102f
0x3b00V0x4286V0x102f	0x4625B0x4286B0x102f
0x78eV0x139	0x796B0x139
0x7f4V0x139	0x7fcB0x139
0x64fV0x139	0x656B0x139
0x761V0x139	0x79fB0x139
0x6efV0x139	0x70dB0x139
0x7a0V0x139	0x7a7B0x139
0x7c0V0x139	0x7e3B0x139
0x7ddV0x139	0x7c8B0x139
0x7c9V0x139	0x7d0B0x139
0x7ccV0x139	0x3435B0x139
0x7ffV0x139	0x807B0x139
0x80aV0x139	0x811B0x139
0x85cV0x139	0x865B0x139
0x877V0x139	0x87fB0x139
0x886V0x139	0x893B0x139
0x8b0V0x139	0x8bcB0x139
0x8f4V0x139	0x8fcB0x139
0x902V0x139	0x90aB0x139
0x946V0x139	0x94bB0x139
0x961V0x139	0x7ebB0x139
0x7f0V0x139	0x965B0x139
0x709V0x139	0x6e8B0x139
0x4359V0x765V0x139	0x4361B0x765B0x139
0x435dV0x765V0x139	0x3d2fB0x765B0x139
0x20edV0x7f4V0x139	0x210bB0x7f4B0x139
0x2107V0x7f4V0x139	0x20e6B0x7f4B0x139
0x21ebV0x7fcV0x139	0x2209B0x7fcB0x139
0x2205V0x7fcV0x139	0x21e4B0x7fcB0x139
0x241bV0x8fcV0x139	0x2439B0x8fcB0x139
0x2435V0x8fcV0x139	0x2414B0x8fcB0x139
0x418aV0x811V0x139	0x4196B0x811B0x139
0x3ac2V0x4181V0x811V0x139	0x3acaB0x4181B0x811B0x139
0x3ac6V0x4181V0x811V0x139	0x45adB0x4181B0x811B0x139
0x3768V0x893V0x139	0x3770B0x893B0x139
0x3773V0x893V0x139	0x377eB0x893B0x139
0x3793V0x893V0x139	0x379bB0x893B0x139
0x379cV0x893V0x139	0x37a7B0x893B0x139
0x37bcV0x893V0x139	0x37c4B0x893B0x139
0x37c5V0x893V0x139	0x37d0B0x893B0x139
0x37e5V0x893V0x139	0x37edB0x893B0x139
0x37eeV0x893V0x139	0x37f9B0x893B0x139
0x380eV0x893V0x139	0x3816B0x893B0x139
0x3817V0x893V0x139	0x3822B0x893B0x139
0x3837V0x893V0x139	0x383fB0x893B0x139
0x3840V0x893V0x139	0x384bB0x893B0x139
0x3851V0x893V0x139	0x385cB0x893B0x139
0x3862V0x893V0x139	0x386dB0x893B0x139
0x34a5V0x385cV0x893V0x139	0x34aeB0x385cB0x893B0x139
0x34aaV0x385cV0x893V0x139	0x45e1B0x385cB0x893B0x139
0x34cdV0x3770V0x893V0x139	0x34d6B0x3770B0x893B0x139
0x34cdV0x384bV0x893V0x139	0x34d6B0x384bB0x893B0x139
0x13faV0x239	0x1402B0x239
0x1566V0x239	0x156bB0x239
0x12bbV0x239	0x12c2B0x239
0x13cdV0x239	0x140bB0x239
0x135bV0x239	0x1379B0x239
0x140cV0x239	0x1413B0x239
0x1463V0x239	0x1471B0x239
0x1483V0x239	0x148bB0x239
0x1492V0x239	0x149fB0x239
0x14bcV0x239	0x14c8B0x239
0x14e9V0x239	0x14f2B0x239
0x14f5V0x239	0x14fdB0x239
0x150fV0x239	0x156aB0x239
0x1375V0x239	0x1354B0x239
0x4359V0x13d1V0x239	0x4361B0x13d1B0x239
0x435dV0x13d1V0x239	0x3d2fB0x13d1B0x239
0x2550V0x14c8V0x239	0x256eB0x14c8B0x239
0x256aV0x14c8V0x239	0x2549B0x14c8B0x239
0x4267V0x1413V0x239	0x4271B0x1413B0x239
0x427cV0x1413V0x239	0x4286B0x1413B0x239
0x4291V0x1413V0x239	0x429bB0x1413B0x239
0x3b05V0x4256V0x1413V0x239	0x3b0dB0x4256B0x1413B0x239
0x3afaV0x4256V0x1413V0x239	0x3b04B0x4256B0x1413B0x239
0x3b00V0x4256V0x1413V0x239	0x4625B0x4256B0x1413B0x239
0x3b05V0x4271V0x1413V0x239	0x3b0dB0x4271B0x1413B0x239
0x3afaV0x4271V0x1413V0x239	0x3b04B0x4271B0x1413B0x239
0x3b00V0x4271V0x1413V0x239	0x4625B0x4271B0x1413B0x239
0x3b05V0x4286V0x1413V0x239	0x3b0dB0x4286B0x1413B0x239
0x3afaV0x4286V0x1413V0x239	0x3b04B0x4286B0x1413B0x239
0x3b00V0x4286V0x1413V0x239	0x4625B0x4286B0x1413B0x239
0x3768V0x149fV0x239	0x3770B0x149fB0x239
0x3773V0x149fV0x239	0x377eB0x149fB0x239
0x3793V0x149fV0x239	0x379bB0x149fB0x239
0x379cV0x149fV0x239	0x37a7B0x149fB0x239
0x37bcV0x149fV0x239	0x37c4B0x149fB0x239
0x37c5V0x149fV0x239	0x37d0B0x149fB0x239
0x37e5V0x149fV0x239	0x37edB0x149fB0x239
0x37eeV0x149fV0x239	0x37f9B0x149fB0x239
0x380eV0x149fV0x239	0x3816B0x149fB0x239
0x3817V0x149fV0x239	0x3822B0x149fB0x239
0x3837V0x149fV0x239	0x383fB0x149fB0x239
0x3840V0x149fV0x239	0x384bB0x149fB0x239
0x3851V0x149fV0x239	0x385cB0x149fB0x239
0x3862V0x149fV0x239	0x386dB0x149fB0x239
0x34a5V0x385cV0x149fV0x239	0x34aeB0x385cB0x149fB0x239
0x34aaV0x385cV0x149fV0x239	0x45e1B0x385cB0x149fB0x239
0x34cdV0x3770V0x149fV0x239	0x34d6B0x3770B0x149fB0x239
0x34cdV0x384bV0x149fV0x239	0x34d6B0x384bB0x149fB0x239
0x1e15V0x369	0x1e1dB0x369
0x1cd6V0x369	0x1cddB0x369
0x1de8V0x369	0x1e26B0x369
0x1d76V0x369	0x1d94B0x369
0x1e27V0x369	0x1e2fB0x369
0x1e32V0x369	0x1e3aB0x369
0x1e4aV0x369	0x1f30B0x369
0x1e5cV0x369	0x1e63B0x369
0x1eaeV0x369	0x1eb7B0x369
0x1ec9V0x369	0x1ed1B0x369
0x1ed8V0x369	0x1ee5B0x369
0x1f02V0x369	0x1f0eB0x369
0x1d90V0x369	0x1d6fB0x369
0x1e51V0x369	0x1e59B0x369
0x4359V0x1decV0x369	0x4361B0x1decB0x369
0x435dV0x1decV0x369	0x3d2fB0x1decB0x369
0x21ebV0x1e2fV0x369	0x2209B0x1e2fB0x369
0x2205V0x1e2fV0x369	0x21e4B0x1e2fB0x369
0x241bV0x1e4eV0x369	0x2439B0x1e4eB0x369
0x2435V0x1e4eV0x369	0x2414B0x1e4eB0x369
0x418aV0x1e63V0x369	0x4196B0x1e63B0x369
0x3ac2V0x4181V0x1e63V0x369	0x3acaB0x4181B0x1e63B0x369
0x3ac6V0x4181V0x1e63V0x369	0x45adB0x4181B0x1e63B0x369
0x3768V0x1ee5V0x369	0x3770B0x1ee5B0x369
0x3773V0x1ee5V0x369	0x377eB0x1ee5B0x369
0x3793V0x1ee5V0x369	0x379bB0x1ee5B0x369
0x379cV0x1ee5V0x369	0x37a7B0x1ee5B0x369
0x37bcV0x1ee5V0x369	0x37c4B0x1ee5B0x369
0x37c5V0x1ee5V0x369	0x37d0B0x1ee5B0x369
0x37e5V0x1ee5V0x369	0x37edB0x1ee5B0x369
0x37eeV0x1ee5V0x369	0x37f9B0x1ee5B0x369
0x380eV0x1ee5V0x369	0x3816B0x1ee5B0x369
0x3817V0x1ee5V0x369	0x3822B0x1ee5B0x369
0x3837V0x1ee5V0x369	0x383fB0x1ee5B0x369
0x3840V0x1ee5V0x369	0x384bB0x1ee5B0x369
0x3851V0x1ee5V0x369	0x385cB0x1ee5B0x369
0x3862V0x1ee5V0x369	0x386dB0x1ee5B0x369
0x34a5V0x385cV0x1ee5V0x369	0x34aeB0x385cB0x1ee5B0x369
0x34aaV0x385cV0x1ee5V0x369	0x45e1B0x385cB0x1ee5B0x369
0x34cdV0x3770V0x1ee5V0x369	0x34d6B0x3770B0x1ee5B0x369
0x34cdV0x384bV0x1ee5V0x369	0x34d6B0x384bB0x1ee5B0x369
0x4155V0x142	0x415eB0x142
0x3a60V0x4144V0x142	0x3a68B0x4144B0x142
0x3a64V0x4144V0x142	0x452eB0x4144B0x142
0x3a86V0x4144V0x142	0x3a8eB0x4144B0x142
0x3a8aV0x4144V0x142	0x4574B0x4144B0x142
0x3a9dV0x4144V0x142	0x3a6bB0x4144B0x142
0x3a70V0x4144V0x142	0x3aa1B0x4144B0x142
0x3a47V0x4144V0x142	0x3a4fB0x4144B0x142
0x3a4bV0x4144V0x142	0x4546B0x4144B0x142
0x3a79V0x4144V0x142	0x3a83B0x4144B0x142
0x405aV0x3a74V0x4144V0x142	0x4066B0x3a74B0x4144B0x142
0x406dV0x3a74V0x4144V0x142	0x4079B0x3a74B0x4144B0x142
0x4080V0x3a74V0x4144V0x142	0x408cB0x3a74B0x4144B0x142
0x409bV0x3a74V0x4144V0x142	0x40a4B0x3a74B0x4144B0x142
0x40b5V0x3a74V0x4144V0x142	0x40beB0x3a74B0x4144B0x142
0x40cfV0x3a74V0x4144V0x142	0x40d8B0x3a74B0x4144B0x142
0x40e1V0x3a74V0x4144V0x142	0x40edB0x3a74B0x4144B0x142
0x3ac2V0x404eV0x3a74V0x4144V0x142	0x3acaB0x404eB0x3a74B0x4144B0x142
0x3ac6V0x404eV0x3a74V0x4144V0x142	0x45adB0x404eB0x3a74B0x4144B0x142
0x40f9V0x4066V0x3a74V0x4144V0x142	0x4101B0x4066B0x3a74B0x4144B0x142
0x40fdV0x4066V0x3a74V0x4144V0x142	0x45b7B0x4066B0x3a74B0x4144B0x142
0x3ab3V0x40d8V0x3a74V0x4144V0x142	0x3abbB0x40d8B0x3a74B0x4144B0x142
0x3ab7V0x40d8V0x3a74V0x4144V0x142	0x45a1B0x40d8B0x3a74B0x4144B0x142
0x39dbV0x4079V0x3a74V0x4144V0x142	0x39e3B0x4079B0x3a74B0x4144B0x142
0x3b5dV0x408cV0x3a74V0x4144V0x142	0x3b6dB0x408cB0x3a74B0x4144B0x142
0x3b6eV0x408cV0x3a74V0x4144V0x142	0x3b76B0x408cB0x3a74B0x4144B0x142
0x3b51V0x408cV0x3a74V0x4144V0x142	0x3b59B0x408cB0x3a74B0x4144B0x142
0x3b55V0x408cV0x3a74V0x4144V0x142	0x4551B0x408cB0x3a74B0x4144B0x142
0x4657V0x3b59V0x408cV0x3a74V0x4144V0x142	0x4661B0x3b59B0x408cB0x3a74B0x4144B0x142
0x463cV0x3b59V0x408cV0x3a74V0x4144V0x142	0x4652B0x3b59B0x408cB0x3a74B0x4144B0x142
0x464eV0x3b59V0x408cV0x3a74V0x4144V0x142	0x4637B0x3b59B0x408cB0x3a74B0x4144B0x142
0x3b5dV0x40a4V0x3a74V0x4144V0x142	0x3b6dB0x40a4B0x3a74B0x4144B0x142
0x3b6eV0x40a4V0x3a74V0x4144V0x142	0x3b76B0x40a4B0x3a74B0x4144B0x142
0x3b51V0x40a4V0x3a74V0x4144V0x142	0x3b59B0x40a4B0x3a74B0x4144B0x142
0x3b55V0x40a4V0x3a74V0x4144V0x142	0x4551B0x40a4B0x3a74B0x4144B0x142
0x4657V0x3b59V0x40a4V0x3a74V0x4144V0x142	0x4661B0x3b59B0x40a4B0x3a74B0x4144B0x142
0x463cV0x3b59V0x40a4V0x3a74V0x4144V0x142	0x4652B0x3b59B0x40a4B0x3a74B0x4144B0x142
0x464eV0x3b59V0x40a4V0x3a74V0x4144V0x142	0x4637B0x3b59B0x40a4B0x3a74B0x4144B0x142
0x3b5dV0x40beV0x3a74V0x4144V0x142	0x3b6dB0x40beB0x3a74B0x4144B0x142
0x3b6eV0x40beV0x3a74V0x4144V0x142	0x3b76B0x40beB0x3a74B0x4144B0x142
0x3b51V0x40beV0x3a74V0x4144V0x142	0x3b59B0x40beB0x3a74B0x4144B0x142
0x3b55V0x40beV0x3a74V0x4144V0x142	0x4551B0x40beB0x3a74B0x4144B0x142
0x4657V0x3b59V0x40beV0x3a74V0x4144V0x142	0x4661B0x3b59B0x40beB0x3a74B0x4144B0x142
0x463cV0x3b59V0x40beV0x3a74V0x4144V0x142	0x4652B0x3b59B0x40beB0x3a74B0x4144B0x142
0x464eV0x3b59V0x40beV0x3a74V0x4144V0x142	0x4637B0x3b59B0x40beB0x3a74B0x4144B0x142
0x1865V0x2fd	0x1876B0x2fd
0x1868V0x2fd	0x1871B0x2fd
0x2550V0x1858V0x2fd	0x256eB0x1858B0x2fd
0x256aV0x1858V0x2fd	0x2549B0x1858B0x2fd
0x1e15V0x1871V0x2fd	0x1e1dB0x1871B0x2fd
0x1cd6V0x1871V0x2fd	0x1cddB0x1871B0x2fd
0x1de8V0x1871V0x2fd	0x1e26B0x1871B0x2fd
0x1d76V0x1871V0x2fd	0x1d94B0x1871B0x2fd
0x1e27V0x1871V0x2fd	0x1e2fB0x1871B0x2fd
0x1e32V0x1871V0x2fd	0x1e3aB0x1871B0x2fd
0x1e4aV0x1871V0x2fd	0x1f30B0x1871B0x2fd
0x1e5cV0x1871V0x2fd	0x1e63B0x1871B0x2fd
0x1eaeV0x1871V0x2fd	0x1eb7B0x1871B0x2fd
0x1ec9V0x1871V0x2fd	0x1ed1B0x1871B0x2fd
0x1ed8V0x1871V0x2fd	0x1ee5B0x1871B0x2fd
0x1f02V0x1871V0x2fd	0x1f0eB0x1871B0x2fd
0x1d90V0x1871V0x2fd	0x1d6fB0x1871B0x2fd
0x1e51V0x1871V0x2fd	0x1e59B0x1871B0x2fd
0x4359V0x1decV0x1871V0x2fd	0x4361B0x1decB0x1871B0x2fd
0x435dV0x1decV0x1871V0x2fd	0x3d2fB0x1decB0x1871B0x2fd
0x21ebV0x1e2fV0x1871V0x2fd	0x2209B0x1e2fB0x1871B0x2fd
0x2205V0x1e2fV0x1871V0x2fd	0x21e4B0x1e2fB0x1871B0x2fd
0x241bV0x1e4eV0x1871V0x2fd	0x2439B0x1e4eB0x1871B0x2fd
0x2435V0x1e4eV0x1871V0x2fd	0x2414B0x1e4eB0x1871B0x2fd
0x418aV0x1e63V0x1871V0x2fd	0x4196B0x1e63B0x1871B0x2fd
0x3ac2V0x4181V0x1e63V0x1871V0x2fd	0x3acaB0x4181B0x1e63B0x1871B0x2fd
0x3ac6V0x4181V0x1e63V0x1871V0x2fd	0x45adB0x4181B0x1e63B0x1871B0x2fd
0x3768V0x1ee5V0x1871V0x2fd	0x3770B0x1ee5B0x1871B0x2fd
0x3773V0x1ee5V0x1871V0x2fd	0x377eB0x1ee5B0x1871B0x2fd
0x3793V0x1ee5V0x1871V0x2fd	0x379bB0x1ee5B0x1871B0x2fd
0x379cV0x1ee5V0x1871V0x2fd	0x37a7B0x1ee5B0x1871B0x2fd
0x37bcV0x1ee5V0x1871V0x2fd	0x37c4B0x1ee5B0x1871B0x2fd
0x37c5V0x1ee5V0x1871V0x2fd	0x37d0B0x1ee5B0x1871B0x2fd
0x37e5V0x1ee5V0x1871V0x2fd	0x37edB0x1ee5B0x1871B0x2fd
0x37eeV0x1ee5V0x1871V0x2fd	0x37f9B0x1ee5B0x1871B0x2fd
0x380eV0x1ee5V0x1871V0x2fd	0x3816B0x1ee5B0x1871B0x2fd
0x3817V0x1ee5V0x1871V0x2fd	0x3822B0x1ee5B0x1871B0x2fd
0x3837V0x1ee5V0x1871V0x2fd	0x383fB0x1ee5B0x1871B0x2fd
0x3840V0x1ee5V0x1871V0x2fd	0x384bB0x1ee5B0x1871B0x2fd
0x3851V0x1ee5V0x1871V0x2fd	0x385cB0x1ee5B0x1871B0x2fd
0x3862V0x1ee5V0x1871V0x2fd	0x386dB0x1ee5B0x1871B0x2fd
0x34a5V0x385cV0x1ee5V0x1871V0x2fd	0x34aeB0x385cB0x1ee5B0x1871B0x2fd
0x34aaV0x385cV0x1ee5V0x1871V0x2fd	0x45e1B0x385cB0x1ee5B0x1871B0x2fd
0x34cdV0x3770V0x1ee5V0x1871V0x2fd	0x34d6B0x3770B0x1ee5B0x1871B0x2fd
0x34cdV0x384bV0x1ee5V0x1871V0x2fd	0x34d6B0x384bB0x1ee5B0x1871B0x2fd
