0x0	30
0xc	6
0x1a	34
0x78	11
0x9e	11
0xe5	11
0x12c	11
0x152	11
0x199	11
0x1eb	11
0x211	11
0x258	11
0x2aa	11
0x6c8	248
0x741	6
0x85f	6
0x8ca	44
0xa4c	6
0xa5b	16
0xad8	6
0xae7	16
0xb5c	6
0xb6b	16
0xe94	6
0x1057	6
0x1100	248
0x116a	6
0x1354	6
0x1363	44
0x16a5	6
0x1893	44
0x18bc	297
0x1903	6
0x1912	16
0x1944	44
0x1a11	6
0x1a20	44
0x1adc	44
0x1b02	44
0x1b90	44
0x1bb6	44
0x1ca2	47
0x1d1b	6
0x1d2a	16
0x1db0	6
0x1dbf	16
0x1df7	20
0x1e15	244
0x1eb7	244
0x1ee7	44
0x20a9	6
0x20b8	16
0x20ec	244
0x215e	6
0x216d	16
0x21a9	44
0x225c	44
0x2359	28
0x266d	6
0x267c	16
0x26b0	44
0x25ce0x9fd	47
0x25ce0x1ffb	47
0x1fdd0x9fd	44
0x1fdd0x1fba	44
0x6480x111e	16
0x1fd50x9fd	0
0x1fd50x1fba	0
0x25f10x9fd	0
0x25f10x1ffb	0
0x10	24
0x19d	23
0xe9	23
0xa2	23
0x7c	23
0x3823	7
0x3847	7
0x386b	7
0x156	23
0x130	23
0x388f	7
0x38b3	7
0x38d7	7
0x25c	23
0x215	23
0x1ef	23
0x38fb	7
0x391f	7
0x3943	7
0x2ae	23
0x3967	7
0x67a	384
0x337	12
0x3a03	1
0x357	12
0x72e	240
0x7a1	15
0x37c	12
0x2c25	41
0x7c5	27
0x3a24	1
0x38f	12
0x84c	240
0x3a45	12
0x3b5	12
0x9d9	15
0x3d0	12
0x9fd	1061
0x3dd	27
0x3a69	19
0x3672	39
0x3f8	12
0xd38	215
0x413	12
0x3a91	1
0xe0e	233
0xe1d	233
0xe2c	233
0xe3b	233
0x463	12
0xe71	238
0x3ada	1
0xe81	240
0x486	12
0xf0c	233
0x4a1	12
0x4b4	12
0xfd6	269
0x3afb	1
0x3b1c	1
0x4cf	12
0x1044	240
0x10ac	215
0x10b2	384
0x4f2	12
0x111e	1058
0x50d	12
0x520	12
0x3b3d	1
0x533	12
0x3b5e	1
0x546	12
0x1341	240
0x13af	233
0x13be	244
0x3b7f	1
0x569	12
0x3ba0	1
0x57c	12
0x1692	240
0x3bc1	1
0x58f	12
0x2c65	53
0x5a2	12
0x187d	249
0x3be2	1
0x5b5	12
0x19fe	240
0x5c8	12
0x1a6c	362
0x1aab	221
0x1ab4	215
0x1aba	233
0x36	22
0x100	22
0x3c27	27
0x3c50	27
0x745	5290
0x3c79	779
0x7d2	21
0x1b81	35
0x842	26
0x7de	153
0x3ca3	12
0x81c	302
0x1c96	32
0x863	5308
0x3cc7	779
0x8ea	26
0x3cf1	19
0x8f7	25
0x1cc2	21
0x903	53
0x1ed8	35
0x93c	1196
0x97d	1160
0xa50	67
0xa64	81
0xa88	1071
0x3d68	15
0xadc	67
0xaf0	81
0xb14	295
0xb48	750
0xb60	67
0xb74	81
0x3d8d	15
0xe98	5301
0x3f29	777
0x105b	5308
0x3fea	779
0x4014	27
0x403d	27
0x1358	26
0x137a	5045
0x40ac	19
0x317a	60
0x40d4	779
0x16a9	5308
0x4126	779
0x18aa	238
0x41c8	19
0x195b	23
0x18ef	750
0x1907	67
0x191b	81
0x193f	14
0x41f0	19
0x1967	26
0x203d	21
0x1973	54
0x219a	35
0x19ac	1197
0x19ed	1169
0x1a15	26
0x1a37	5045
0x4218	19
0x328a	81
0x4240	779
0x1af3	35
0x426a	19
0x34f5	81
0x1b19	5198
0x4292	19
0x31b1	81
0x42ba	1533
0x1ba7	35
0x42e6	19
0x34b0	81
0x1bcd	24
0x430e	19
0x30bc	81
0x1bd8	353
0x1c15	5359
0x1c44	5144
0x224e	38
0x435a	1533
0x1cba	24
0x4386	19
0x1ccd	308
0x1d07	750
0x1d1f	67
0x1d33	81
0x1d57	26
0x1d64	300
0x2345	21
0x1d9a	753
0x1db4	727
0x1dc8	81
0x1dec	31
0x1e00	229
0x1e0f	17
0x1ea6	40
0x1e31	26
0x43ae	15
0x1fba	20
0x1e3d	465
0x1e5d	266
0x256f	57
0x1e9c	1146
0x43d3	29
0x43fd	29
0x1efe	24
0x4427	19
0x346f	81
0x1f0a	353
0x1f47	5302
0x1f6d	5069
0x4473	1531
0x2048	255
0x2063	292
0x2095	750
0x20ad	67
0x20c1	81
0x20e5	20
0x211c	81
0x2103	248
0x2623	23
0x2148	753
0x2162	727
0x2176	81
0x4512	23
0x21c0	24
0x4539	19
0x363b	60
0x21cc	224
0x21d9	5302
0x21ff	5135
0x4585	1531
0x45b0	21
0x45d6	19
0x322a	60
0x2350	25
0x2371	22
0x2369	19
0x4677	15
0x469c	15
0x46c1	17
0x46e5	17
0x4838	15
0x485c	135
0x26ab	14
0x2659	750
0x2671	67
0x2685	81
0x26a9	4
0x26c7	57
0x4955	19
0x35e5	81
0x497d	15
0x49a1	135
0x2c39	24
0x2c44	35
0x2c54	48
0x2c7f	24
0x2c8a	35
0x2c9a	69
0x2cb8	80
0xc4	22
0x8b4	249
0x1acd	35
0x1ffb	74
0x4e34	0
0x4e28	0
0x4e2b	0
0x4e2e	0
0x4e31	0
0x4e1f	0
0x4e22	0
0x4e25	0
0x4e0d	0
0x4e10	0
0x4e13	0
0x4e16	0
0x4e19	0
0x4e1c	0
0x4e01	0
0x4e04	0
0x4e07	0
0x4e0a	0
0x4df8	0
0x4dfb	0
0x4dfe	0
0x4de6	0
0x4de9	0
0x4dec	0
0x4def	0
0x4df2	0
0x4df5	0
0x4dda	0
0x4ddd	0
0x4de0	0
0x4de3	0
0x4dd1	0
0x4dd4	0
0x4dd7	0
0x4dbf	0
0x4dc2	0
0x4dc5	0
0x4dc8	0
0x4dcb	0
0x4dce	0
0x4dad	0
0x4db0	0
0x4db3	0
0x4db6	0
0x4db9	0
0x4dbc	0
0x4d9b	0
0x4d9e	0
0x4da1	0
0x4da4	0
0x4da7	0
0x4daa	0
0x2f6	15
0x314	15
0x329	23
0x349	23
0x35e	15
0x366	15
0x36e	23
0x381	23
0x394	23
0x3a7	23
0x3ba	15
0x3c2	23
0x3d5	15
0x3ea	23
0x3fd	15
0x405	23
0x418	15
0x420	15
0x428	15
0x43d	15
0x445	15
0x44d	15
0x455	23
0x468	15
0x470	15
0x478	23
0x48b	15
0x493	23
0x4a6	23
0x4b9	15
0x4c1	23
0x4d4	15
0x4dc	15
0x4e4	23
0x4f7	15
0x4ff	23
0x512	23
0x525	23
0x538	23
0x54b	15
0x553	15
0x55b	23
0x56e	23
0x581	23
0x594	23
0x5a7	23
0x5ba	23
0x5cd	15
0x5d5	15
0x5dd	15
0x5e5	15
0x37ff	7
0x62	22
0x2b	22
0x41	22
0x4c	22
0x57	22
0x6d	22
0x88	22
0x93	22
0xae	22
0xb9	22
0xcf	22
0xda	22
0xf5	22
0x10b	22
0x116	22
0x121	22
0x13c	22
0x147	22
0x162	22
0x16d	22
0x178	22
0x183	22
0x18e	22
0x1a9	22
0x1b4	22
0x1bf	22
0x1ca	22
0x1d5	22
0x1e0	22
0x1fb	22
0x206	22
0x221	22
0x22c	22
0x237	22
0x242	22
0x24d	22
0x268	22
0x273	22
0x27e	22
0x289	22
0x294	22
0x29f	22
0x2ba	22
0x2c5	22
0x2d0	22
0x2db	22
0x2e6	22
0x2f1	7
0x6c0	22
0x10f8	22
0x262b	87
0x25e60x9fd	28
0x25e60x1ffb	28
0x25c50x9fd	23
0x25c50x1ffb	23
0x1ffb0x9fd	74
0x1fd60x9fd	22
0x1fd60x1fba	22
0x1fc90x9fd	37
0x1fc90x1fba	37
0x1fc20x9fd	16
0x1fc20x1fba	16
0x1fba0x9fd	20
0x6e90x67a	250
0x6e90x10b2	250
0x6510x111e	81
0x63d0x111e	67
0x4300x428	27
0x4300x43d	27
0x4300x445	27
0x4300x44d	27
0x4300x48b	27
0x4300x54b	27
0x4300x553	27
0x4300x5cd	27
0x4300x5e5	27
0x33c0x329	27
0x33c0x36e	27
0x33c0x405	27
0x33c0x468	27
0x33c0x4ff	27
0x33c0x512	27
0x33c0x5d5	27
0x31c0x314	27
0x31c0x4dc	27
0x2fe0x2f6	27
0x2fe0x35e	27
0x2fe0x366	27
0x2fe0x394	27
0x2fe0x3a7	27
0x2fe0x3ba	27
0x2fe0x3c2	27
0x2fe0x3ea	27
0x2fe0x3fd	27
0x2fe0x418	27
0x2fe0x455	27
0x2fe0x478	27
0x2fe0x493	27
0x2fe0x4a6	27
0x2fe0x4d4	27
0x2fe0x4e4	27
0x2fe0x4f7	27
0x2fe0x594	27
0x2fe0x5ba	27
0x2fe0x5dd	27
0x25f20x9fd	30
0x48b20x9fd	19
0x48b20x1ffb	19
0x44c40x9fd	19
0x44c40x1fba	19
0x3ab20x428	19
0x3ab20x43d	19
0x3ab20x445	19
0x3ab20x44d	19
0x3ab20x48b	19
0x3ab20x54b	19
0x3ab20x553	19
0x3ab20x5cd	19
0x3ab20x5e5	19
0x39db0x329	19
0x39db0x36e	19
0x39db0x405	19
0x39db0x468	19
0x39db0x4ff	19
0x39db0x512	19
0x39db0x5d5	19
0x39b30x314	19
0x39b30x4dc	19
0x398b0x2f6	19
0x398b0x35e	19
0x398b0x366	19
0x398b0x394	19
0x398b0x3a7	19
0x398b0x3ba	19
0x398b0x3c2	19
0x398b0x3ea	19
0x398b0x3fd	19
0x398b0x418	19
0x398b0x455	19
0x398b0x478	19
0x398b0x493	19
0x398b0x4a6	19
0x398b0x4d4	19
0x398b0x4e4	19
0x398b0x4f7	19
0x398b0x594	19
0x398b0x5ba	19
0x398b0x5dd	19
0x33710x9fd	81
0x33710x1fba	81
0x2ff70x329	33
0x2ff70x36e	33
0x2ff70x405	33
0x2ff70x468	33
0x2ff70x4ff	33
0x2ff70x512	33
0x2ff70x5d5	33
0x25f20x1ffb	30
0x6fd0x67a	24
0x6fd0x10b2	24
0x6db0x67a	58
0x6db0x10b2	58
0x32cbB0x8ca	66
0x32cbB0x1893	66
0x2f43B0x18bc	127
0x2f92B0x18bc	36
0x2f76B0x18bc	26
0x2f7fB0x18bc	53
0x31f3B0x1944	60
0xef1B0x486	287
0x1113B0x4f2	21
0x2edcB0x745	51
0x1ac9B0x7d2	14
0x1ac9B0x7de	14
0x2edcB0x863	51
0x1a97B0x1cc2	244
0x3002B0x903	27
0x3002B0x93c	27
0x2e27B0xa64	35
0x2e38B0xa64	22
0x2e27B0xaf0	35
0x2e38B0xaf0	22
0x2edcB0xb14	51
0x2e27B0xb74	35
0x2e38B0xb74	22
0x1a97B0x203d	244
0x2edcB0xe98	51
0x2edcB0x105b	51
0x79bB0x2345	215
0x3002B0x137a	27
0x2edcB0x16a9	51
0x3002B0x1973	27
0x3002B0x19ac	27
0x3002B0x1a37	27
0x3002B0x1b19	27
0x3002B0x1c44	27
0x2edcB0x1ccd	51
0x2e27B0x1d33	35
0x2e38B0x1d33	22
0x3002B0x1d64	27
0x2e27B0x1dc8	35
0x2e38B0x1dc8	22
0x252dB0x1e31	74
0x3002B0x1e5d	27
0x2fdeB0x256f	63
0x252dB0x1f47	74
0x3002B0x1f6d	27
0x25fcB0x2048	63
0x48ffB0x2048	135
0x2fbaB0x2048	93
0x2fa0B0x2063	66
0x2e27B0x20c1	35
0x2e38B0x20c1	22
0x3002B0x211c	27
0x2e27B0x2176	35
0x2e38B0x2176	22
0x3002B0x21ff	27
0x2e27B0x2685	35
0x2e38B0x2685	22
0x2fdeB0x26c7	63
0x3704B0x2c39	6
0x36f3B0x2c39	41
0x3704B0x2c44	6
0x36f3B0x2c44	41
0x3704B0x2c7f	6
0x36f3B0x2c7f	41
0x3704B0x2c8a	6
0x36f3B0x2c8a	41
0x3721B0x2c9a	6
0x3716B0x2c9a	29
0x79bB0x35e	215
0x2e0fB0x394	35
0x2e20B0x394	22
0xbacB0x3d5	221
0x2e0fB0x4e4	35
0x2e20B0x4e4	22
0x2e0fB0x538	35
0x2e20B0x538	22
0x2e0fB0x5a7	35
0x2e20B0x5a7	22
0x1a97B0x5cd	244
0x2fa0B0x262b	66
0x3002B0x2fe0x2f6	27
0x3002B0x2fe0x35e	27
0x3002B0x2fe0x366	27
0x3002B0x2fe0x394	27
0x3002B0x2fe0x3a7	27
0x3002B0x2fe0x3ba	27
0x3002B0x2fe0x3c2	27
0x3002B0x2fe0x3ea	27
0x3002B0x2fe0x3fd	27
0x3002B0x2fe0x418	27
0x3002B0x2fe0x455	27
0x3002B0x2fe0x478	27
0x3002B0x2fe0x493	27
0x3002B0x2fe0x4a6	27
0x3002B0x2fe0x4d4	27
0x3002B0x2fe0x4e4	27
0x3002B0x2fe0x4f7	27
0x3002B0x2fe0x594	27
0x3002B0x2fe0x5ba	27
0x3002B0x2fe0x5dd	27
0x2edcB0x4300x428	51
0x2edcB0x4300x43d	51
0x2edcB0x4300x445	51
0x2edcB0x4300x44d	51
0x2edcB0x4300x48b	51
0x2edcB0x4300x54b	51
0x2edcB0x4300x553	51
0x2edcB0x4300x5cd	51
0x2edcB0x4300x5e5	51
0x2e27B0x6510x111e	35
0x2e38B0x6510x111e	22
0x3089B0x1ca2	69
0x30a8B0x1ca2	52
0x36c7B0x3089B0x1ca2	4
0x36e2B0x3089B0x1ca2	26
0x36caB0x3089B0x1ca2	26
0x36d3B0x3089B0x1ca2	41
0x36ebB0x3089B0x1ca2	24
0x3089B0x25ce0x9fd	69
0x30a8B0x25ce0x9fd	52
0x36c7B0x3089B0x25ce0x9fd	4
0x36e2B0x3089B0x25ce0x9fd	26
0x36caB0x3089B0x25ce0x9fd	26
0x36d3B0x3089B0x25ce0x9fd	41
0x36ebB0x3089B0x25ce0x9fd	24
0x3089B0x25ce0x1ffb	69
0x30a8B0x25ce0x1ffb	52
0x36c7B0x3089B0x25ce0x1ffb	4
0x36e2B0x3089B0x25ce0x1ffb	26
0x36caB0x3089B0x25ce0x1ffb	26
0x36d3B0x3089B0x25ce0x1ffb	41
0x36ebB0x3089B0x25ce0x1ffb	24
0x710B0x337	21
0x71dB0x337	18
0x7240x710B0x337	6
0x1ac9B0x710B0x337	14
0x9a0B0x3b5	44
0x98aB0x3b5	249
0x9b7B0x3b5	60
0x3d19B0x3b5	19
0x32cbB0x9a0B0x3b5	66
0xd3eB0x413	21
0xd4bB0x413	30
0x3e02B0x413	12
0xd5cB0x413	374
0x7240xd3eB0x413	6
0x1ac9B0xd3eB0x413	14
0x1ac9B0xd4bB0x413	14
0xe4aB0x463	21
0xe57B0x463	37
0x3edfB0x463	15
0xe68B0x463	18
0x3f04B0x463	15
0xbacB0xe4aB0x463	221
0xef1B0xe68B0x463	287
0x116eB0x50d	21
0x117bB0x50d	81
0x4066B0x50d	12
0x11a5B0x50d	377
0x7240x116eB0x50d	6
0x1ac9B0x116eB0x50d	14
0x1ac9B0x117bB0x50d	14
0x11d6B0x520	21
0x11e3B0x520	18
0x7240x11d6B0x520	6
0x1ac9B0x11d6B0x520	14
0x1709B0x58f	44
0x1729B0x58f	44
0x1820B0x58f	16
0x184fB0x58f	44
0x16faB0x58f	35
0x1720B0x58f	25
0x4150B0x58f	19
0x3539B0x58f	66
0x1740B0x58f	5365
0x4178B0x58f	19
0x3261B0x58f	66
0x179bB0x58f	331
0x300bB0x58f	132
0x17caB0x58f	167
0x2ec1B0x58f	66
0x1807B0x58f	101
0x306bB0x58f	78
0x1829B0x58f	85
0x1866B0x58f	24
0x41a0B0x58f	19
0x3343B0x58f	66
0x2df3B0x191b	35
0x2e04B0x191b	24
0x3712B0x2e04B0x191b	6
0x3708B0x2e04B0x191b	29
0x639B0x2f6	6
0x6480x5edB0x2f6	16
0x5edB0x2f6	1058
0x6510x5edB0x2f6	81
0x63d0x5edB0x2f6	67
0x2e27B0x6510x5edB0x2f6	35
0x2e38B0x6510x5edB0x2f6	22
0x2cd5B0x329	38
0x2ce7B0x329	24
0x2cf2B0x329	39
0x3704B0x2ce7B0x329	6
0x36f3B0x2ce7B0x329	41
0x2af5B0x349	35
0x2b06B0x349	24
0x3704B0x2b06B0x349	6
0x36f3B0x2b06B0x349	41
0x2af5B0x381	35
0x2b06B0x381	24
0x3704B0x2b06B0x381	6
0x36f3B0x2b06B0x381	41
0x2cd5B0x3a7	38
0x2ce7B0x3a7	24
0x2cf2B0x3a7	39
0x3704B0x2ce7B0x3a7	6
0x36f3B0x2ce7B0x3a7	41
0x2af5B0x3c2	35
0x2b06B0x3c2	24
0x3704B0x2b06B0x3c2	6
0x36f3B0x2b06B0x3c2	41
0x2e3fB0x3ea	41
0x2e53B0x3ea	49
0x2e70B0x3ea	27
0x2a81B0x2e70B0x3ea	6
0x2a54B0x2e70B0x3ea	34
0x2a6bB0x2e70B0x3ea	60
0x2a43B0x2e70B0x3ea	35
0x2cd5B0x405	38
0x2ce7B0x405	24
0x2cf2B0x405	39
0x3704B0x2ce7B0x405	6
0x36f3B0x2ce7B0x405	41
0xda2B0x418	44
0xd8cB0x418	249
0xdb9B0x418	20
0x3e26B0x418	19
0x3e72B0x418	12
0x32cbB0xda2B0x418	66
0xef1B0xdb9B0x418	287
0x2af5B0x455	35
0x2b06B0x455	24
0x3704B0x2b06B0x455	6
0x36f3B0x2b06B0x455	41
0x2af5B0x478	35
0x2b06B0x478	24
0x3704B0x2b06B0x478	6
0x36f3B0x2b06B0x478	41
0x2db3B0x493	38
0x2dc5B0x493	32
0x2ddbB0x493	27
0x2a81B0x2ddbB0x493	6
0x2a54B0x2ddbB0x493	34
0x2a6bB0x2ddbB0x493	60
0x2a43B0x2ddbB0x493	35
0x2af5B0x4a6	35
0x2b06B0x4a6	24
0x3704B0x2b06B0x4a6	6
0x36f3B0x2b06B0x4a6	41
0x2af5B0x4c1	35
0x2b06B0x4c1	24
0x3704B0x2b06B0x4c1	6
0x36f3B0x2b06B0x4c1	41
0x2cd5B0x4ff	38
0x2ce7B0x4ff	24
0x2cf2B0x4ff	39
0x3704B0x2ce7B0x4ff	6
0x36f3B0x2ce7B0x4ff	41
0x2cd5B0x512	38
0x2ce7B0x512	24
0x2cf2B0x512	39
0x3704B0x2ce7B0x512	6
0x36f3B0x2ce7B0x512	41
0x2af5B0x525	35
0x2b06B0x525	24
0x3704B0x2b06B0x525	6
0x36f3B0x2b06B0x525	41
0x2af5B0x56e	35
0x2b06B0x56e	24
0x3704B0x2b06B0x56e	6
0x36f3B0x2b06B0x56e	41
0x2d00B0x594	41
0x2d14B0x594	24
0x2d1fB0x594	63
0x2d42B0x594	35
0x2d52B0x594	27
0x2d65B0x594	76
0x2d60B0x594	12
0x36a7B0x594	29
0x2d85B0x594	26
0x36bdB0x594	31
0x2d8eB0x594	59
0x3704B0x2d14B0x594	6
0x36f3B0x2d14B0x594	41
0x369bB0x2d60B0x594	6
0x3680B0x2d60B0x594	53
0x369fB0x2d60B0x594	23
0x2b2dB0x5ba	38
0x2b3fB0x5ba	24
0x2b4aB0x5ba	35
0x3704B0x2b3fB0x5ba	6
0x36f3B0x2b3fB0x5ba	41
0x3704B0x2b4aB0x5ba	6
0x36f3B0x2b4aB0x5ba	41
0x3089B0x31c0x314	69
0x30a8B0x31c0x314	52
0x36c7B0x3089B0x31c0x314	4
0x36e2B0x3089B0x31c0x314	26
0x36caB0x3089B0x31c0x314	26
0x36d3B0x3089B0x31c0x314	41
0x36ebB0x3089B0x31c0x314	24
0x3089B0x31c0x4dc	69
0x30a8B0x31c0x4dc	52
0x36c7B0x3089B0x31c0x4dc	4
0x36e2B0x3089B0x31c0x4dc	26
0x36caB0x3089B0x31c0x4dc	26
0x36d3B0x3089B0x31c0x4dc	41
0x36ebB0x3089B0x31c0x4dc	24
0x2516B0x1df7	44
0x24e5B0x1df7	24
0x24f1B0x1df7	247
0x250eB0x1df7	23
0x47a1B0x1df7	15
0x47eaB0x1df7	19
0x33e9B0x1df7	81
0x282cB0x24e5B0x1df7	44
0x2821B0x24e5B0x1df7	29
0x2843B0x24e5B0x1df7	21
0x4a8dB0x24e5B0x1df7	19
0x312dB0x24e5B0x1df7	81
0x252dB0x2843B0x24e5B0x1df7	74
0xbcbB0x3f8	44
0xbf4B0x3f8	303
0xc3dB0x3f8	6
0xc4cB0x3f8	16
0xc7eB0x3f8	44
0xbb5B0x3f8	249
0xbe2B0x3f8	238
0x3db2B0x3f8	19
0xc95B0x3f8	23
0xc29B0x3f8	750
0x2ef0B0x3f8	122
0xc41B0x3f8	67
0xc55B0x3f8	81
0xc79B0x3f8	14
0x3ddaB0x3f8	19
0xca1B0x3f8	25
0xcadB0x3f8	53
0xce6B0x3f8	1196
0xd27B0x3f8	1169
0x2f26B0x3f8	79
0x32cbB0xbcbB0x3f8	66
0x31f3B0xc7eB0x3f8	60
0x3002B0xcadB0x3f8	27
0x3002B0xce6B0x3f8	27
0x2df3B0xc55B0x3f8	35
0x2e04B0xc55B0x3f8	24
0x3712B0x2e04B0xc55B0x3f8	6
0x3708B0x2e04B0xc55B0x3f8	29
0x1234B0x533	6
0x1243B0x533	16
0x1289B0x533	6
0x12e5B0x533	6
0x12f4B0x533	16
0x133aB0x533	6
0x11eaB0x533	1055
0x1238B0x533	67
0x124cB0x533	81
0x1270B0x533	55
0x128dB0x533	6097
0x12e9B0x533	67
0x12fdB0x533	81
0x1321B0x533	55
0x2b11B0x124cB0x533	35
0x2b22B0x124cB0x533	24
0x3704B0x2b22B0x124cB0x533	6
0x36f3B0x2b22B0x124cB0x533	41
0x2b11B0x12fdB0x533	35
0x2b22B0x12fdB0x533	24
0x3704B0x2b22B0x12fdB0x533	6
0x36f3B0x2b22B0x12fdB0x533	41
0xdedB0x420	44
0xdc5B0x420	243
0xde8B0x420	14
0xe04B0x420	15
0x3e96B0x420	19
0x3438B0x420	60
0xdd9B0x420	228
0x2285B0xe04B0x420	44
0x2273B0xe04B0x420	240
0x229cB0xe04B0x420	5242
0x45feB0xe04B0x420	19
0x30ffB0xe04B0x420	66
0x22d20x2273B0xe04B0x420	27
0x46260x2273B0xe04B0x420	777
0x1ac9B0x229cB0xe04B0x420	14
0x2edcB0x22d20x2273B0xe04B0x420	51
0x1025B0x4b9	44
0xfe8B0x4b9	243
0x100bB0x4b9	17
0x1020B0x4b9	14
0x103cB0x4b9	15
0x3fa1B0x4b9	19
0x33b2B0x4b9	60
0xffcB0x4b9	228
0x1011B0x4b9	228
0x22f2B0x103cB0x4b9	44
0x22dfB0x103cB0x4b9	243
0x2309B0x103cB0x4b9	5254
0x464fB0x103cB0x4b9	19
0x22d20x22dfB0x103cB0x4b9	27
0x46260x22dfB0x103cB0x4b9	777
0x32cbB0x22f2B0x103cB0x4b9	66
0x1ac9B0x2309B0x103cB0x4b9	14
0x2edcB0x22d20x22dfB0x103cB0x4b9	51
0x2b65B0x55b	53
0x2b7fB0x55b	24
0x2b8aB0x55b	35
0x2b9aB0x55b	46
0x2bb6B0x55b	27
0x2bc2B0x55b	48
0x2bd7B0x55b	29
0x2be4B0x55b	37
0x2bf5B0x55b	35
0x2c05B0x55b	35
0x3704B0x2b7fB0x55b	6
0x36f3B0x2b7fB0x55b	41
0x3704B0x2b8aB0x55b	6
0x36f3B0x2b8aB0x55b	41
0x3704B0x2be4B0x55b	6
0x36f3B0x2be4B0x55b	41
0x3712B0x2bf5B0x55b	6
0x3708B0x2bf5B0x55b	29
0x3704B0x2c05B0x55b	6
0x36f3B0x2c05B0x55b	41
0x2ad8B0x2bb6B0x55b	6
0x2a9cB0x2bb6B0x55b	32
0x2ab2B0x2bb6B0x55b	39
0x2ac5B0x2bb6B0x55b	52
0x2adcB0x2bb6B0x55b	64
0x2a8cB0x2bb6B0x55b	32
0x369bB0x2ab2B0x2bb6B0x55b	6
0x3680B0x2ab2B0x2bb6B0x55b	53
0x369fB0x2ab2B0x2bb6B0x55b	23
0x2ad8B0x2bd7B0x55b	6
0x2a9cB0x2bd7B0x55b	32
0x2ab2B0x2bd7B0x55b	39
0x2ac5B0x2bd7B0x55b	52
0x2adcB0x2bd7B0x55b	64
0x2a8cB0x2bd7B0x55b	32
0x369bB0x2ab2B0x2bd7B0x55b	6
0x3680B0x2ab2B0x2bd7B0x55b	53
0x369fB0x2ab2B0x2bd7B0x55b	23
0xf31B0x4a1	44
0xf8dB0x4a1	6
0xf9cB0x4a1	16
0xf1bB0x4a1	249
0xf48B0x4a1	286
0x3f52B0x4a1	19
0xf79B0x4a1	750
0xf91B0x4a1	67
0xfa5B0x4a1	81
0xfc9B0x4a1	29
0x32cbB0xf31B0x4a1	66
0x2edcB0xf48B0x4a1	51
0x2e27B0xfa5B0x4a1	35
0x2e38B0xfa5B0x4a1	22
0xbcbB0xfc9B0x4a1	44
0xbf4B0xfc9B0x4a1	303
0xc3dB0xfc9B0x4a1	6
0xc4cB0xfc9B0x4a1	16
0xc7eB0xfc9B0x4a1	44
0xbb5B0xfc9B0x4a1	249
0xbe2B0xfc9B0x4a1	238
0x3db2B0xfc9B0x4a1	19
0xc95B0xfc9B0x4a1	23
0xc29B0xfc9B0x4a1	750
0x2ef0B0xfc9B0x4a1	122
0xc41B0xfc9B0x4a1	67
0xc55B0xfc9B0x4a1	81
0xc79B0xfc9B0x4a1	14
0x3ddaB0xfc9B0x4a1	19
0xca1B0xfc9B0x4a1	25
0xcadB0xfc9B0x4a1	53
0xce6B0xfc9B0x4a1	1196
0xd27B0xfc9B0x4a1	1169
0x2f26B0xfc9B0x4a1	79
0x32cbB0xbcbB0xfc9B0x4a1	66
0x31f3B0xc7eB0xfc9B0x4a1	60
0x3002B0xcadB0xfc9B0x4a1	27
0x3002B0xce6B0xfc9B0x4a1	27
0x2df3B0xc55B0xfc9B0x4a1	35
0x2e04B0xc55B0xfc9B0x4a1	24
0x3712B0x2e04B0xc55B0xfc9B0x4a1	6
0x3708B0x2e04B0xc55B0xfc9B0x4a1	29
0x28c5B0x485c	44
0x28a2B0x485c	31
0x28c0B0x485c	14
0x4b23B0x485c	19
0x359bB0x485c	81
0x284dB0x485c	110
0x28adB0x485c	47
0x2df3B0x28adB0x485c	35
0x2e04B0x28adB0x485c	24
0x3712B0x2e04B0x28adB0x485c	6
0x3708B0x2e04B0x28adB0x485c	29
0x28f6B0x284dB0x485c	44
0x2946B0x284dB0x485c	76
0x28dcB0x284dB0x485c	39
0x4b4bB0x284dB0x485c	23
0x28f1B0x284dB0x485c	14
0x29aaB0x284dB0x485c	718
0x290dB0x284dB0x485c	60
0x4b72B0x284dB0x485c	19
0x3564B0x284dB0x485c	60
0x292aB0x284dB0x485c	766
0x2ea5B0x284dB0x485c	39
0x2967B0x284dB0x485c	9
0x296cB0x284dB0x485c	32
0x2980B0x284dB0x485c	23
0x2990B0x284dB0x485c	51
0x4bc1B0x284dB0x485c	19
0x2eb7B0x284dB0x485c	31
0x2978B0x284dB0x485c	21
0x2988B0x284dB0x485c	18
0x36c7B0x2ea5B0x284dB0x485c	4
0x36e2B0x2ea5B0x284dB0x485c	26
0x36caB0x2ea5B0x284dB0x485c	26
0x36d3B0x2ea5B0x284dB0x485c	41
0x36ebB0x2ea5B0x284dB0x485c	24
0x3089B0x2990B0x284dB0x485c	69
0x30a8B0x2990B0x284dB0x485c	52
0x36c7B0x3089B0x2990B0x284dB0x485c	4
0x36e2B0x3089B0x2990B0x284dB0x485c	26
0x36caB0x3089B0x2990B0x284dB0x485c	26
0x36d3B0x3089B0x2990B0x284dB0x485c	41
0x36ebB0x3089B0x2990B0x284dB0x485c	24
0x28c5B0x49a1	44
0x28a2B0x49a1	31
0x28c0B0x49a1	14
0x4b23B0x49a1	19
0x359bB0x49a1	81
0x284dB0x49a1	110
0x28adB0x49a1	47
0x2df3B0x28adB0x49a1	35
0x2e04B0x28adB0x49a1	24
0x3712B0x2e04B0x28adB0x49a1	6
0x3708B0x2e04B0x28adB0x49a1	29
0x28f6B0x284dB0x49a1	44
0x2946B0x284dB0x49a1	76
0x28dcB0x284dB0x49a1	39
0x4b4bB0x284dB0x49a1	23
0x28f1B0x284dB0x49a1	14
0x29aaB0x284dB0x49a1	718
0x290dB0x284dB0x49a1	60
0x4b72B0x284dB0x49a1	19
0x3564B0x284dB0x49a1	60
0x292aB0x284dB0x49a1	766
0x2ea5B0x284dB0x49a1	39
0x2967B0x284dB0x49a1	9
0x296cB0x284dB0x49a1	32
0x2980B0x284dB0x49a1	23
0x2990B0x284dB0x49a1	51
0x4bc1B0x284dB0x49a1	19
0x2eb7B0x284dB0x49a1	31
0x2978B0x284dB0x49a1	21
0x2988B0x284dB0x49a1	18
0x36c7B0x2ea5B0x284dB0x49a1	4
0x36e2B0x2ea5B0x284dB0x49a1	26
0x36caB0x2ea5B0x284dB0x49a1	26
0x36d3B0x2ea5B0x284dB0x49a1	41
0x36ebB0x2ea5B0x284dB0x49a1	24
0x3089B0x2990B0x284dB0x49a1	69
0x30a8B0x2990B0x284dB0x49a1	52
0x36c7B0x3089B0x2990B0x284dB0x49a1	4
0x36e2B0x3089B0x2990B0x284dB0x49a1	26
0x36caB0x3089B0x2990B0x284dB0x49a1	26
0x36d3B0x3089B0x2990B0x284dB0x49a1	41
0x36ebB0x3089B0x2990B0x284dB0x49a1	24
0x28c5B0x48ffB0x2048	44
0x28a2B0x48ffB0x2048	31
0x28c0B0x48ffB0x2048	14
0x4b23B0x48ffB0x2048	19
0x359bB0x48ffB0x2048	81
0x284dB0x48ffB0x2048	110
0x28adB0x48ffB0x2048	47
0x2df3B0x28adB0x48ffB0x2048	35
0x2e04B0x28adB0x48ffB0x2048	24
0x3712B0x2e04B0x28adB0x48ffB0x2048	6
0x3708B0x2e04B0x28adB0x48ffB0x2048	29
0x28f6B0x284dB0x48ffB0x2048	44
0x2946B0x284dB0x48ffB0x2048	76
0x28dcB0x284dB0x48ffB0x2048	39
0x4b4bB0x284dB0x48ffB0x2048	23
0x28f1B0x284dB0x48ffB0x2048	14
0x29aaB0x284dB0x48ffB0x2048	718
0x290dB0x284dB0x48ffB0x2048	60
0x4b72B0x284dB0x48ffB0x2048	19
0x3564B0x284dB0x48ffB0x2048	60
0x292aB0x284dB0x48ffB0x2048	766
0x2ea5B0x284dB0x48ffB0x2048	39
0x2967B0x284dB0x48ffB0x2048	9
0x296cB0x284dB0x48ffB0x2048	32
0x2980B0x284dB0x48ffB0x2048	23
0x2990B0x284dB0x48ffB0x2048	51
0x4bc1B0x284dB0x48ffB0x2048	19
0x2eb7B0x284dB0x48ffB0x2048	31
0x2978B0x284dB0x48ffB0x2048	21
0x2988B0x284dB0x48ffB0x2048	18
0x36c7B0x2ea5B0x284dB0x48ffB0x2048	4
0x36e2B0x2ea5B0x284dB0x48ffB0x2048	26
0x36caB0x2ea5B0x284dB0x48ffB0x2048	26
0x36d3B0x2ea5B0x284dB0x48ffB0x2048	41
0x36ebB0x2ea5B0x284dB0x48ffB0x2048	24
0x3089B0x2990B0x284dB0x48ffB0x2048	69
0x30a8B0x2990B0x284dB0x48ffB0x2048	52
0x36c7B0x3089B0x2990B0x284dB0x48ffB0x2048	4
0x36e2B0x3089B0x2990B0x284dB0x48ffB0x2048	26
0x36caB0x3089B0x2990B0x284dB0x48ffB0x2048	26
0x36d3B0x3089B0x2990B0x284dB0x48ffB0x2048	41
0x36ebB0x3089B0x2990B0x284dB0x48ffB0x2048	24
0x7280x9fd	19
0x449e0x9fd	21
0x44ec0x9fd	21
0x2c36	6
0x2c7c	6
0x7060x67a	27
0x7060x10b2	27
0x7280x1fba	19
0xba70x9fd	17
0x3c030x111e	17
0x449e0x1fba	21
0x44ec0x1ffb	21
0xba70x1113B0x4f2	17
0x2e35B0xa64	6
0x2e35B0xaf0	6
0x2e35B0xb74	6
0x4336B0x1bcd	15
0x2e35B0x1d33	6
0x2e35B0x1dc8	6
0x4812B0x1e31	21
0x444fB0x1efe	15
0x4812B0x1f47	21
0x48daB0x2048	17
0x2e35B0x20c1	6
0x2e35B0x2176	6
0x4561B0x21c0	15
0x2e35B0x2685	6
0x4cecB0x2c39	11
0x4cecB0x2c44	11
0x4cecB0x2c7f	11
0x4cecB0x2c8a	11
0x4d30B0x2c9a	11
0x2e1dB0x394	6
0x2e1dB0x4e4	6
0x2e1dB0x538	6
0x2e1dB0x5a7	6
0x2e35B0x6510x111e	6
0x4cc7B0x3089B0x1ca2	17
0x4cc7B0x3089B0x25ce0x9fd	17
0x4cc7B0x3089B0x25ce0x1ffb	17
0x7280x710B0x337	19
0x3d41B0x3b5	23
0x7280xd3eB0x413	19
0xba70xe4aB0x463	17
0x7280x116eB0x50d	19
0x7280x11d6B0x520	19
0x1871B0x58f	29
0x4c7bB0x191b	21
0x2e01B0x191b	6
0x4d0eB0x2e04B0x191b	11
0x3c030x5edB0x2f6	17
0x2e35B0x6510x5edB0x2f6	6
0x2ce4B0x329	6
0x4cecB0x2ce7B0x329	11
0x4c2fB0x349	21
0x2b03B0x349	6
0x4cecB0x2b06B0x349	11
0x4c2fB0x381	21
0x2b03B0x381	6
0x4cecB0x2b06B0x381	11
0x2ce4B0x3a7	6
0x4cecB0x2ce7B0x3a7	11
0x4c2fB0x3c2	21
0x2b03B0x3c2	6
0x4cecB0x2b06B0x3c2	11
0x2e7cB0x3ea	37
0x2e50B0x3ea	6
0x2e6dB0x3ea	6
0x2a85B0x2e70B0x3ea	22
0x2a51B0x2e70B0x3ea	6
0x2a68B0x2e70B0x3ea	6
0x2ce4B0x405	6
0x4cecB0x2ce7B0x405	11
0x3e4eB0x418	17
0x4c2fB0x455	21
0x2b03B0x455	6
0x4cecB0x2b06B0x455	11
0x4c2fB0x478	21
0x2b03B0x478	6
0x4cecB0x2b06B0x478	11
0x2de7B0x493	34
0x2dc2B0x493	6
0x2dd8B0x493	6
0x2a85B0x2ddbB0x493	22
0x2a51B0x2ddbB0x493	6
0x2a68B0x2ddbB0x493	6
0x4c2fB0x4a6	21
0x2b03B0x4a6	6
0x4cecB0x2b06B0x4a6	11
0x4c2fB0x4c1	21
0x2b03B0x4c1	6
0x4cecB0x2b06B0x4c1	11
0x2ce4B0x4ff	6
0x4cecB0x2ce7B0x4ff	11
0x2ce4B0x512	6
0x4cecB0x2ce7B0x512	11
0x4c2fB0x525	21
0x2b03B0x525	6
0x4cecB0x2b06B0x525	11
0x4c2fB0x56e	21
0x2b03B0x56e	6
0x4cecB0x2b06B0x56e	11
0x2da3B0x594	42
0x2d11B0x594	6
0x2d3fB0x594	6
0x2d4fB0x594	6
0x2d7eB0x594	6
0x36baB0x594	6
0x4cecB0x2d14B0x594	11
0x2b5aB0x5ba	32
0x2b3cB0x5ba	6
0x4cecB0x2b3fB0x5ba	11
0x4cecB0x2b4aB0x5ba	11
0x4cc7B0x3089B0x31c0x314	17
0x4cc7B0x3089B0x31c0x4dc	17
0x47c6B0x1df7	15
0x4ab5B0x24e5B0x1df7	21
0x4812B0x2843B0x24e5B0x1df7	21
0x2f23B0x3f8	6
0x4c7bB0xc55B0x3f8	21
0x2e01B0xc55B0x3f8	6
0x4d0eB0x2e04B0xc55B0x3f8	11
0x408aB0x533	11
0x4c55B0x124cB0x533	21
0x2b1fB0x124cB0x533	6
0x4cecB0x2b22B0x124cB0x533	11
0x4c55B0x12fdB0x533	21
0x2b1fB0x12fdB0x533	6
0x4cecB0x2b22B0x12fdB0x533	11
0x3ebeB0x420	9
0x3fc9B0x4b9	9
0x2c15B0x55b	47
0x2b7cB0x55b	6
0x2bb3B0x55b	6
0x2bd4B0x55b	6
0x4cecB0x2b7fB0x55b	11
0x4cecB0x2b8aB0x55b	11
0x4cecB0x2be4B0x55b	11
0x4d0eB0x2bf5B0x55b	11
0x4cecB0x2c05B0x55b	11
0x2a99B0x2bb6B0x55b	6
0x2aafB0x2bb6B0x55b	6
0x2a99B0x2bd7B0x55b	6
0x2aafB0x2bd7B0x55b	6
0x3f7aB0x4a1	23
0x2e35B0xfa5B0x4a1	6
0x2f23B0xfc9B0x4a1	6
0x4c7bB0xc55B0xfc9B0x4a1	21
0x2e01B0xc55B0xfc9B0x4a1	6
0x4d0eB0x2e04B0xc55B0xfc9B0x4a1	11
0x4adbB0x485c	15
0x4affB0x485c	15
0x4c7bB0x28adB0x485c	21
0x2e01B0x28adB0x485c	6
0x4d0eB0x2e04B0x28adB0x485c	11
0x4b9aB0x284dB0x485c	23
0x4cc7B0x2ea5B0x284dB0x485c	17
0x4cc7B0x3089B0x2990B0x284dB0x485c	17
0x4adbB0x49a1	15
0x4affB0x49a1	15
0x4c7bB0x28adB0x49a1	21
0x2e01B0x28adB0x49a1	6
0x4d0eB0x2e04B0x28adB0x49a1	11
0x4b9aB0x284dB0x49a1	23
0x4cc7B0x2ea5B0x284dB0x49a1	17
0x4cc7B0x3089B0x2990B0x284dB0x49a1	17
0x4adbB0x48ffB0x2048	15
0x4affB0x48ffB0x2048	15
0x4c7bB0x28adB0x48ffB0x2048	21
0x2e01B0x28adB0x48ffB0x2048	6
0x4d0eB0x2e04B0x28adB0x48ffB0x2048	11
0x4b9aB0x284dB0x48ffB0x2048	23
0x4cc7B0x2ea5B0x284dB0x48ffB0x2048	17
0x4cc7B0x3089B0x2990B0x284dB0x48ffB0x2048	17
0x13feB0x569	44
0x1428B0x569	5245
0x1537B0x569	6
0x1546B0x569	16
0x157fB0x569	5356
0x167dB0x569	5218
0x13d2B0x569	237
0x13ebB0x569	17
0x13f9B0x569	14
0x1415B0x569	243
0x40feB0x569	19
0x1440B0x569	21
0x144aB0x569	21
0x1454B0x569	167
0x14a6B0x569	47
0x24cbB0x569	14
0x14bbB0x569	16601
0x303fB0x569	111
0x1578B0x569	20
0x153bB0x569	67
0x154fB0x569	81
0x1573B0x569	12
0x24cfB0x569	5254
0x15ecB0x569	260
0x15e3B0x569	769
0x1629B0x569	1028
0x166eB0x569	788
0x1688B0x569	25
0x13e3B0x569	16
0x13f1B0x569	214
0x32f5B0x13feB0x569	81
0x2edcB0x157fB0x569	51
0x2edcB0x15ecB0x569	51
0x2edcB0x1629B0x569	51
0x237aB0x13e3B0x569	717
0x23acB0x1440B0x569	44
0x23d6B0x1440B0x569	5245
0x2425B0x1440B0x569	5218
0x2380B0x1440B0x569	237
0x2399B0x1440B0x569	17
0x23a7B0x1440B0x569	14
0x23c3B0x1440B0x569	243
0x4709B0x1440B0x569	19
0x23eeB0x1440B0x569	10528
0x2391B0x1440B0x569	16
0x239fB0x1440B0x569	214
0x32f5B0x23acB0x1440B0x569	81
0x237aB0x2391B0x1440B0x569	717
0x2e89B0x154fB0x569	35
0x2e9aB0x154fB0x569	24
0x3721B0x2e9aB0x154fB0x569	6
0x3716B0x2e9aB0x154fB0x569	29
0x4731B0x1440B0x569	15
0x2430B0x1440B0x569	15
0x4ca1B0x154fB0x569	21
0x2e97B0x154fB0x569	6
0x4d30B0x2e9aB0x154fB0x569	11
0x2461B0x144aB0x569	44
0x248bB0x144aB0x569	5245
0x24bcB0x144aB0x569	5232
0x2435B0x144aB0x569	237
0x244eB0x144aB0x569	17
0x245cB0x144aB0x569	14
0x2478B0x144aB0x569	243
0x4755B0x144aB0x569	19
0x24a3B0x144aB0x569	15
0x24abB0x144aB0x569	21
0x24b5B0x144aB0x569	20
0x477dB0x144aB0x569	15
0x2446B0x144aB0x569	16
0x2454B0x144aB0x569	214
0x32f5B0x2461B0x144aB0x569	81
0x237aB0x2446B0x144aB0x569	717
0x2712B0x24a3B0x144aB0x569	44
0x273cB0x24a3B0x144aB0x569	5245
0x275bB0x24a3B0x144aB0x569	5228
0x26e6B0x24a3B0x144aB0x569	237
0x26ffB0x24a3B0x144aB0x569	17
0x270dB0x24a3B0x144aB0x569	14
0x2729B0x24a3B0x144aB0x569	243
0x49f7B0x24a3B0x144aB0x569	19
0x2754B0x24a3B0x144aB0x569	20
0x26f7B0x24a3B0x144aB0x569	16
0x2705B0x24a3B0x144aB0x569	214
0x32f5B0x2712B0x24a3B0x144aB0x569	81
0x237aB0x26f7B0x24a3B0x144aB0x569	717
0x4a1fB0x24a3B0x144aB0x569	11
0x2794B0x24abB0x144aB0x569	44
0x27beB0x24abB0x144aB0x569	5245
0x2812B0x24abB0x144aB0x569	5232
0x2768B0x24abB0x144aB0x569	237
0x2781B0x24abB0x144aB0x569	17
0x278fB0x24abB0x144aB0x569	14
0x27abB0x24abB0x144aB0x569	243
0x4a41B0x24abB0x144aB0x569	19
0x27d6B0x24abB0x144aB0x569	42
0x27e9B0x24abB0x144aB0x569	44
0x27fdB0x24abB0x144aB0x569	5246
0x4a69B0x24abB0x144aB0x569	15
0x2779B0x24abB0x144aB0x569	16
0x2787B0x24abB0x144aB0x569	214
0x32f5B0x2794B0x24abB0x144aB0x569	81
0x237aB0x2779B0x24abB0x144aB0x569	717
0x29b0B0x27d6B0x24abB0x144aB0x569	343
0x29f1B0x27d6B0x24abB0x144aB0x569	5038
0x2a1eB0x27d6B0x24abB0x144aB0x569	25
0x2a03B0x27d6B0x24abB0x144aB0x569	26
0x4be9B0x27d6B0x24abB0x144aB0x569	14
0x29e1B0x27d6B0x24abB0x144aB0x569	5041
0x2a00B0x27d6B0x24abB0x144aB0x569	9
0x2a0cB0x27d6B0x24abB0x144aB0x569	5044
0x2a38B0x2a1eB0x27d6B0x24abB0x144aB0x569	5023
0x4c0cB0x2a1eB0x27d6B0x24abB0x144aB0x569	14
0x2a2fB0x2a1eB0x27d6B0x24abB0x144aB0x569	26
0x29b0B0x27e9B0x24abB0x144aB0x569	343
0x29f1B0x27e9B0x24abB0x144aB0x569	5038
0x2a1eB0x27e9B0x24abB0x144aB0x569	25
0x2a03B0x27e9B0x24abB0x144aB0x569	26
0x4be9B0x27e9B0x24abB0x144aB0x569	14
0x29e1B0x27e9B0x24abB0x144aB0x569	5041
0x2a00B0x27e9B0x24abB0x144aB0x569	9
0x2a0cB0x27e9B0x24abB0x144aB0x569	5044
0x2a38B0x2a1eB0x27e9B0x24abB0x144aB0x569	5023
0x4c0cB0x2a1eB0x27e9B0x24abB0x144aB0x569	14
0x2a2fB0x2a1eB0x27e9B0x24abB0x144aB0x569	26
0x1e0d	5
0xba40x9fd	6
0xba40x1113B0x4f2	6
0xba40xe4aB0x463	6
0x2d81B0x594	9
0x2a2eB0x2a1eB0x27d6B0x24abB0x144aB0x569	1
0x2a2eB0x2a1eB0x27e9B0x24abB0x144aB0x569	1
