0x0	0xc
0x0	0x10
0x1a	0x182
0x1a	0x2b
0x78	0x39cc
0x9e	0x39f0
0xe5	0x3a14
0x137	0x3a38
0x17e	0x3a5c
0x1d0	0x3a80
0x1f6	0x3aa4
0x23d	0x3ac8
0x28f	0x3aec
0x11a1	0x11b9
0x18af	0x18ba
0x2598	0x307eB0x2598
0x26a8	0x2931B0x26a8
0x26e2	0x2745
0x2cd5	0x2d050x2cc9
0x323a0xfd0	0x32710xfd0
0x323a0xfd0	0x2d1d0xfd0
0x323a0x2a82	0x32710x2a82
0x323a0x2a82	0x2d1d0x2a82
0x28170x91c	0x28730x91c
0x28170x939	0x28730x939
0x10	0x1a
0x10	0x4bd4
0x182	0x241
0x182	0x18e
0xe9	0x13b
0xe9	0xf5
0xa2	0x4b4e
0xa2	0xae
0x7c	0x4b60
0x7c	0x88
0x13b	0x4b2a
0x13b	0x147
0x241	0x293
0x241	0x24d
0x1fa	0x4b03
0x1fa	0x206
0x1d4	0x4b15
0x1d4	0x1e0
0x293	0x4adf
0x293	0x29f
0x2f1	0xb32
0xb32	0xb3e
0xb32	0xb78
0x39c	0xc81
0xc81	0x2252B0xc81
0x3dc	0xc9f
0xc9f	0xcab
0xc9f	0xce5
0xd16	0x3bb6
0x440	0xd25
0xd25	0xd34
0xd25	0xd6e
0x476	0xd89
0xd89	0x3c24
0x49c	0xd9c
0xd9c	0xda8
0xd9c	0xde2
0x4b9	0xe08
0xe08	0xe14
0xe08	0xe4e
0xe84	0x4d7
0x503	0x520
0x503	0x524
0x524	0x532
0x524	0x536
0x536	0x553
0x536	0x557
0x557	0xe8d
0xe8d	0xe99
0xe8d	0xed3
0x5ab	0xef7
0xef7	0x2252B0xef7
0xf5c	0x3d0c
0x5e7	0xf6c
0xf6c	0xf78
0xf6c	0xfb2
0xfc0	0x3d68
0xfd0	0x102a
0xfd0	0x102e
0x106b	0x1077
0x106b	0x10b1
0x10f7	0x3110x606
0x1114	0x3df5
0x1123	0x3e30
0x100	0x4b3f
0x100	0x10b
0x635	0x685
0x635	0x689
0xc4	0x4b57
0xc4	0xcf
0x689	0x697
0x689	0x69b
0x69b	0x6b8
0x69b	0x6bc
0x6bc	0x70a
0x6bc	0x70e
0x70e	0x71c
0x70e	0x720
0x720	0x73d
0x720	0x741
0x741	0x112c
0x112c	0x1145
0x112c	0x113d
0x18c5	0x3e84
0x7a0	0x18cb
0x18cb	0x2342B0x18cb
0x7c6	0x18f70x7b0
0x7ec	0x1912
0x1912	0x2342B0x1912
0x193c	0xd10B0x193c
0x81a	0x197e
0x197e	0x2342B0x197e
0x850	0x1a28
0x1a28	0x1a34
0x1a28	0x1a6e
0x876	0x1a99
0x1a99	0x1aa5
0x1a99	0x1adf
0x8a4	0x1b6b
0x1b6b	0x2252B0x1b6b
0x8d0	0x1bd3
0x1bd3	0x1be2
0x1bd3	0x1c1c
0x8fc	0x1c35
0x1c35	0x2342B0x1c35
0x1c5f	0x4085
0x1c6e	0x1cbf
0x1c6e	0x1cc3
0x932	0x1d6c
0x1d6c	0x1d78
0x1d6c	0x1db2
0x94f	0x965
0x94f	0x969
0x969	0x977
0x969	0x97b
0x97b	0x998
0x97b	0x99c
0x99c	0x1e04
0x1e04	0x1e10
0x1e04	0x1e4a
0x9f0	0x1ee2
0x1ee2	0x2342B0x1ee2
0xa1e	0xa49
0xa1e	0xa4d
0xa4d	0xa5b
0xa4d	0xa5f
0xa5f	0xa7c
0xa5f	0xa80
0xa80	0x1ff9
0x1ff9	0x2005
0x1ff9	0x203f
0xad4	0x2069
0x2069	0x4196
0xafa	0x207e
0x207e	0x41c9
0x2189	0x421b
0x2199	0x4256
0x21a0	0x4287
0xb78	0x21afB0xb78
0xb80	0xb97
0xb80	0xbcb
0xbcb	0x2200B0xbcb
0x42c2	0x3b10
0xc8e	0xc950x386
0x2256	0x2265
0x2256	0x229b
0xce5	0x2342B0xce5
0xced	0x3b64
0xd6e	0x2392B0xd6e
0xd76	0x23e4
0x42e5	0x3bf1
0x23e4	0x23f1
0xde2	0xdea
0xdea	0x2392B0xdea
0x2466	0x2483
0x2466	0x247f
0xdf3	0x24d4B0xdf3
0xdfc	0x430c
0x430c	0x3c55
0x24f1	0xd10B0x24f1
0xe4e	0xe56
0xe56	0x2392B0xe56
0xe5f	0x24d4B0xe5f
0xe68	0x432e
0x432e	0x3c76
0x26cf	0x26e2
0x26cf	0x27fa
0xed3	0xedb
0xedb	0x2392B0xedb
0xee4	0x24d4B0xee4
0xeed	0x2804B0xeed
0x4351	0x3c97
0xf04	0x2252B0xf04
0x4374	0xc950x595
0xf15	0x2931B0xf15
0xfb2	0x2342B0xfb2
0xfba	0x3d47
0x43dd	0x2a820xfd0
0x102e	0x1039
0x102e	0x1042
0x1042	0x1054
0x1042	0x1058
0x1058	0x2a290xfd0
0x2a29	0x2a380x2a29
0x2a29	0x2a310x2a29
0x10b1	0x10b9
0x10b9	0x10e4
0x2ac4	0x2ae7
0x2ac4	0x2ad8
0x10e4	0x3dd4
0x1145	0x1153
0x1145	0x114b
0x1153	0x1158
0x1153	0x118e
0x118e	0x11a1
0x118e	0x11b9
0x11b9	0x11c5
0x11b9	0x11ff
0x11ff	0x123b
0x11ff	0x123f
0x123f	0x124a
0x123f	0x1253
0x1253	0x1278
0x1253	0x127c
0x127c	0x1297
0x127c	0x129b
0x129b	0x12ac
0x129b	0x12b0
0x12b0	0x12c5
0x12b0	0x12c9
0x12c9	0x12de
0x12f6	0x1323
0x12f6	0x130a
0x12de	0x12f6
0x12de	0x12e7
0x1323	0x1363
0x1323	0x1367
0x1367	0x1372
0x1367	0x137b
0x137b	0x13a0
0x137b	0x13a4
0x13a4	0x13bf
0x13a4	0x13c3
0x13c3	0x13d4
0x13c3	0x13d8
0x13d8	0x13ed
0x13d8	0x13f1
0x13f1	0x1406
0x141e	0x144b
0x141e	0x1432
0x1406	0x141e
0x1406	0x140f
0x144b	0x15c8
0x144b	0x145e
0x15c8	0x1601
0x1491	0x14ba
0x1472	0x1491
0x1472	0x147b
0x14d9	0x1525
0x14ba	0x14d9
0x14ba	0x14c3
0x1544	0x156d
0x1525	0x1544
0x1525	0x152e
0x158c	0x175e
0x156d	0x158c
0x156d	0x1576
0x175e	0x2b35B0x175e
0x1620	0x1649
0x1601	0x1620
0x1601	0x160a
0x1668	0x16bf
0x1649	0x1668
0x1649	0x1652
0x16de	0x1707
0x16bf	0x16de
0x16bf	0x16c8
0x1726	0x175e
0x1707	0x1726
0x1707	0x1710
0x1768	0x188a
0x188a	0x18a3
0x18a3	0x18af
0x18a3	0x18ba
0x2bea	0x2bf6
0x2bea	0x2c30
0x18ba	0x3e63
0x18d3	0x3eb5
0x191a	0x3f07
0x1946	0x1959
0x1946	0x194b
0x1959	0xd10B0x1959
0x1964	0x446d
0x4448	0x4424
0x446d	0x4448
0x1986	0x3f59
0x1a6e	0x2342B0x1a6e
0x1a76	0x3fbc
0x1adf	0x2342B0x1adf
0x1ae7	0x3fdd
0x1b78	0x2252B0x1b78
0x44d4	0xc950x88e
0x1ba2	0x44d4
0x2cc9	0x2cd5
0x2cc9	0x2d58
0x1c1c	0x2392B0x1c1c
0x1c24	0x2d60B0x1c24
0x44f8	0x4031
0x1c3d	0x4064
0x1cc3	0x1cce
0x1cc3	0x1cd7
0x1cd7	0x1ce9
0x1cd7	0x1ced
0x1ced	0x1d36
0x1ced	0x1d3a
0x1d3a	0x1d45
0x1d3a	0x1d4e
0x1d4e	0x1d60
0x1d4e	0x1d64
0x1d64	0x29310x1c6e
0x1db2	0x1dba
0x1dba	0x2392B0x1dba
0x1dc3	0x24d4B0x1dc3
0x1dcc	0x1dd40x91c
0x4542	0x40f1
0x1e4a	0x1e52
0x1e52	0x2392B0x1e52
0x1e5b	0x24d4B0x1e5b
0x1e64	0x1eac
0x1e64	0x1eb0
0x4564	0x4112
0x1eb0	0x1ebb
0x1eb0	0x1ec4
0x1ec4	0x1ed6
0x1ec4	0x1eda
0x1eda	0x28040x939
0x1eea	0x4133
0x203f	0x2047
0x2047	0x2392B0x2047
0x2050	0x24d4B0x2050
0x2059	0x4586
0x4586	0x4175
0x229b	0x22aa
0x229b	0x22e0
0x23f1	0x2252B0x23f1
0x2e25	0x2e34
0x2e25	0x2e6a
0x245c	0x42e5
0x23fd	0x2252B0x23fd
0x4652	0x245c
0x243b	0x4652
0x2483	0x2488
0x2483	0x4676
0x250a	0x2f82
0x24fe	0x46bd
0x4698	0x250a
0x46bd	0x4698
0x2516	0x255d
0x2516	0x2561
0x2f82	0x2f91
0x2f82	0x2fc7
0x2561	0x256c
0x2561	0x2575
0x2575	0x2587
0x2575	0x258b
0x258b	0x2598
0x258b	0x26b8
0x26b8	0x2200B0x26b8
0x25a3	0x25fa
0x25a3	0x25fe
0x25fe	0x2609
0x25fe	0x2612
0x2612	0x265f
0x2612	0x2663
0x2663	0x266e
0x2663	0x2677
0x2677	0x2689
0x2677	0x268d
0x268d	0x307eB0x268d
0x269d	0x26a8
0x269d	0x26b4
0x26b4	0x26b8
0x26b1	0x26b4
0x27fa	0x4706
0x275d	0x277e
0x275d	0x2782
0x2745	0x275d
0x2745	0x274e
0x2782	0x278d
0x2782	0x2796
0x2796	0x27a8
0x2796	0x27ac
0x27ac	0x27b3
0x27ac	0x27fa
0x41	0x7c
0x41	0x4c
0x30c0	0x30ca
0x2ae7	0x2aec
0x2ae7	0x47fb
0x2c30	0x2252B0x2c30
0x2e6a	0x2e79
0x2e6a	0x2eaf
0x2eaf	0x48e5B0x2eaf
0x2eba	0x2ef7
0x2ef7	0x2931B0x2ef7
0x2fc7	0x4909B0x2fc7
0x2fd3	0x3010
0x3010	0x307eB0x3010
0x3036	0x2516
0x30ca	0x3117
0x30ca	0x311b
0x311b	0x3126
0x311b	0x312f
0x312f	0x3141
0x312f	0x3145
0x3145	0x341eB0x3145
0x3162	0x31a9
0x3162	0x31ad
0x31ad	0x31b8
0x31ad	0x31c1
0x31c1	0x31d3
0x31c1	0x31d7
0x31d7	0x307eB0x31d7
0x31e5	0xd10B0x31e5
0x31f1	0x31fc
0x31f1	0x31f6
0x31fc	0xd10B0x31fc
0x3215	0x347e
0x3212	0x3215
0x4953	0x3212
0x320b	0x4953
0x347e	0x348d
0x347e	0x34d9
0x34d9	0x4a07B0x34d9
0x34e5	0x2931B0x34e5
0x34f2	0x2931B0x34f2
0x3518	0x321f
0x2a82	0x32310x2a82
0x2db	0x2ed
0x2db	0x2f1
0x309	0xbeaB0x309
0x386	0x398
0x386	0x39c
0x3c6	0x3d8
0x3c6	0x3dc
0x3ec	0xd10B0x3ec
0x406	0xd16
0x42a	0x43c
0x42a	0x440
0x460	0x472
0x460	0x476
0x486	0x498
0x486	0x49c
0x4a3	0x4b5
0x4a3	0x4b9
0x4cf	0xe84
0x4ed	0x4ff
0x4ed	0x503
0x595	0x5a7
0x595	0x5ab
0x5c1	0xf4aB0x5c1
0x5c9	0xf5c
0x5d1	0x5e3
0x5d1	0x5e7
0x5ee	0xfc0
0x5f6	0x3da3
0x5fe	0x106b
0x606	0x10f7
0x60e	0x1114
0x616	0x1123
0x61e	0x631
0x61e	0x635
0x782	0x18c5
0x78a	0x79c
0x78a	0x7a0
0x7b0	0x7c2
0x7b0	0x7c6
0x7d6	0x7e8
0x7d6	0x7ec
0x7fc	0x3f28
0x804	0x816
0x804	0x81a
0x82a	0x19a7B0x82a
0x832	0x19b7B0x832
0x83a	0x84c
0x83a	0x850
0x860	0x872
0x860	0x876
0x886	0x1b0aB0x886
0x88e	0x8a0
0x88e	0x8a4
0x8ba	0x8cc
0x8ba	0x8d0
0x8e6	0x8f8
0x8e6	0x8fc
0x90c	0x1c5f
0x914	0x40c0
0x91c	0x92e
0x91c	0x932
0x939	0x94b
0x939	0x94f
0x9da	0x9ec
0x9da	0x9f0
0xa00	0x1f0cB0xa00
0xa08	0xa1a
0xa08	0xa1e
0xabe	0xad0
0xabe	0xad4
0xae4	0xaf6
0xae4	0xafa
0xb12	0x20a9B0xb12
0xb1a	0x2189
0xb22	0x2199
0xb2a	0x21a0
0x36	0xa2
0x36	0x41
0x62	0x4b6f
0x62	0x6d
0x2b	0xe9
0x2b	0x36
0x4c	0x4b69
0x4c	0x57
0x57	0x4b6c
0x57	0x62
0x6d	0x78
0x6d	0x4b72
0x88	0x4b63
0x88	0x93
0x93	0x9e
0x93	0x4b66
0xae	0x4b51
0xae	0xb9
0xb9	0xc4
0xb9	0x4b54
0xcf	0x4b5a
0xcf	0xda
0xda	0xe5
0xda	0x4b5d
0xf5	0x100
0xf5	0x4b3c
0x10b	0x4b42
0x10b	0x116
0x116	0x4b45
0x116	0x121
0x121	0x4b48
0x121	0x12c
0x12c	0x137
0x12c	0x4b4b
0x147	0x4b2d
0x147	0x152
0x152	0x4b30
0x152	0x15d
0x15d	0x4b33
0x15d	0x168
0x168	0x4b36
0x168	0x173
0x173	0x17e
0x173	0x4b39
0x18e	0x1fa
0x18e	0x199
0x199	0x1d4
0x199	0x1a4
0x1a4	0x4b1e
0x1a4	0x1af
0x1af	0x4b21
0x1af	0x1ba
0x1ba	0x4b24
0x1ba	0x1c5
0x1c5	0x1d0
0x1c5	0x4b27
0x1e0	0x4b18
0x1e0	0x1eb
0x1eb	0x1f6
0x1eb	0x4b1b
0x206	0x4b06
0x206	0x211
0x211	0x4b09
0x211	0x21c
0x21c	0x4b0c
0x21c	0x227
0x227	0x4b0f
0x227	0x232
0x232	0x23d
0x232	0x4b12
0x24d	0x4af1
0x24d	0x258
0x258	0x4af4
0x258	0x263
0x263	0x4af7
0x263	0x26e
0x26e	0x4afa
0x26e	0x279
0x279	0x4afd
0x279	0x284
0x284	0x28f
0x284	0x4b00
0x29f	0x4ae2
0x29f	0x2aa
0x2aa	0x4ae5
0x2aa	0x2b5
0x2b5	0x4ae8
0x2b5	0x2c0
0x2c0	0x4aeb
0x2c0	0x2cb
0x2cb	0x4aee
0x2cb	0x2d6
0x113d	0x2b2fB0x113d
0x114b	0x1153
0x12e7	0x12de
0x130a	0x1323
0x140f	0x1406
0x1432	0x144b
0x145e	0x1472
0x147b	0x1472
0x14c3	0x14ba
0x152e	0x1525
0x1576	0x156d
0x160a	0x1601
0x1652	0x1649
0x16c8	0x16bf
0x1710	0x1707
0x194b	0x4402
0x247f	0x2483
0x274e	0x2745
0x2ad8	0x2ae7
0x31f6	0x3215
0x32800xfd0	0x328b0xfd0
0x32800xfd0	0x328c0xfd0
0x32800x2a82	0x328b0x2a82
0x32800x2a82	0x328c0x2a82
0x32710xfd0	0x2d050xfd0
0x32710x2a82	0x2d050x2a82
0x32310xfd0	0x323a0xfd0
0x32310xfd0	0x32800xfd0
0x32310x2a82	0x323a0x2a82
0x32310x2a82	0x32800x2a82
0x2d1d0xfd0	0x2d4a0xfd0
0x2d1d0xfd0	0x2d310xfd0
0x2d1d0x2a82	0x2d4a0x2a82
0x2d1d0x2a82	0x2d310x2a82
0x2d1d0x2cc9	0x2d4a0x2cc9
0x2d1d0x2cc9	0x2d310x2cc9
0x2d0e0xfd0	0x2d050xfd0
0x2d0e0x2a82	0x2d050x2a82
0x2d0e0x2cc9	0x2d050x2cc9
0x2d050xfd0	0x2d1d0xfd0
0x2d050xfd0	0x2d0e0xfd0
0x2d050x2a82	0x2d1d0x2a82
0x2d050x2a82	0x2d0e0x2a82
0x2d050x2cc9	0x2d1d0x2cc9
0x2d050x2cc9	0x2d0e0x2cc9
0x2a820xfd0	0x32310xfd0
0x2a450xfd0	0x2a4c0xfd0
0x2a450xfd0	0x47af0xfd0
0x2a450x2a29	0x2a4c0x2a29
0x2a450x2a29	0x47af0x2a29
0x2a380xfd0	0x2a440xfd0
0x2a380xfd0	0x2a450xfd0
0x2a380x2a29	0x2a440x2a29
0x2a380x2a29	0x2a450x2a29
0x2a310xfd0	0xc990xfd0
0x2a310x2a29	0xc990x2a29
0x2a290xfd0	0x2a380xfd0
0x2a290xfd0	0x2a310xfd0
0x29310x1c6e	0x293f0x1c6e
0x29310x1c6e	0x474d0x1c6e
0x29280x91c	0x3227B0x29280x91c
0x29280x939	0x3227B0x29280x939
0x28da0x91c	0x28e10x91c
0x28da0x91c	0x29280x91c
0x28da0x939	0x28e10x939
0x28da0x939	0x29280x939
0x28c40x91c	0x28d60x91c
0x28c40x91c	0x28da0x91c
0x28c40x939	0x28d60x939
0x28c40x939	0x28da0x939
0x28b00x91c	0x28bb0x91c
0x28b00x91c	0x28c40x91c
0x28b00x939	0x28bb0x939
0x28b00x939	0x28c40x939
0x288b0x91c	0x28ac0x91c
0x288b0x91c	0x28b00x91c
0x288b0x939	0x28ac0x939
0x288b0x939	0x28b00x939
0x287c0x91c	0x28730x91c
0x287c0x939	0x28730x939
0x28730x91c	0x288b0x91c
0x28730x91c	0x287c0x91c
0x28730x939	0x288b0x939
0x28730x939	0x287c0x939
0x28040x91c	0x28170x91c
0x28040x91c	0x29280x91c
0x28040x939	0x28170x939
0x28040x939	0x29280x939
0x1dfe0x91c	0x28040x91c
0x1dd40x91c	0x1dfe0x91c
0x1dd40x91c	0x1def0x91c
0x34b0x309	0x3780x309
0x34b0x309	0x35f0x309
0x34b0x606	0x3780x606
0x34b0x606	0x35f0x606
0x34b0x886	0x3780x886
0x34b0x886	0x35f0x886
0x33c0x309	0x3330x309
0x33c0x606	0x3330x606
0x33c0x886	0x3330x886
0x3330x309	0x34b0x309
0x3330x309	0x33c0x309
0x3330x606	0x34b0x606
0x3330x606	0x33c0x606
0x3330x886	0x34b0x886
0x3330x886	0x33c0x886
0x328c0xfd0	0x47d50xfd0
0x328c0x2a82	0x47d50x2a82
0x2d310xfd0	0x2d4a0xfd0
0x2d310x2a82	0x2d4a0x2a82
0x2d310x2cc9	0x2d4a0x2cc9
0x1def0x91c	0x1dfe0x91c
0x18f70x7b0	0x3ed6
0xc950x386	0xc990x386
0xc950x595	0xc990x595
0xc950x88e	0xc990x88e
0x35f0x309	0x3780x309
0x35f0x606	0x3780x606
0x35f0x886	0x3780x886
0x3110x309	0x3330x309
0x3110x606	0x3330x606
0x3110x886	0x3330x886
0x307eB0x2598	0x492dB0x2598
0x2931B0x26a8	0x293f0x2931B0x26a8
0x2931B0x26a8	0x474d0x2931B0x26a8
0x2252B0xc81	0xc8e
0x2252B0xef7	0xf04
0x2342B0x18cb	0x2355B0x18cb
0x2342B0x18cb	0x4610B0x18cb
0x2342B0x1912	0x2355B0x1912
0x2342B0x1912	0x4610B0x1912
0xd10B0x193c	0x1946
0x2342B0x197e	0x2355B0x197e
0x2342B0x197e	0x4610B0x197e
0x2252B0x1b6b	0x1b78
0x2342B0x1c35	0x2355B0x1c35
0x2342B0x1c35	0x4610B0x1c35
0x2342B0x1ee2	0x2355B0x1ee2
0x2342B0x1ee2	0x4610B0x1ee2
0x21afB0xb78	0x21c3B0xb78
0x21afB0xb78	0x45cbB0xb78
0x2200B0xbcb	0x2d74B0x2200B0xbcb
0x2342B0xce5	0x2355B0xce5
0x2342B0xce5	0x4610B0xce5
0x2392B0xd6e	0x23aaB0xd6e
0x2392B0xd6e	0x4631B0xd6e
0x2392B0xdea	0x23aaB0xdea
0x2392B0xdea	0x4631B0xdea
0x24d4B0xdf3	0xdfc
0xd10B0x24f1	0x24fe
0x2392B0xe56	0x23aaB0xe56
0x2392B0xe56	0x4631B0xe56
0x24d4B0xe5f	0xe68
0x2392B0xedb	0x23aaB0xedb
0x2392B0xedb	0x4631B0xedb
0x24d4B0xee4	0xeed
0x2252B0xf04	0xf15
0x2931B0xf15	0x293f0x2931B0xf15
0x2931B0xf15	0x474d0x2931B0xf15
0x2342B0xfb2	0x2355B0xfb2
0x2342B0xfb2	0x4610B0xfb2
0xd10B0x1959	0x1964
0x2342B0x1a6e	0x2355B0x1a6e
0x2342B0x1a6e	0x4610B0x1a6e
0x2342B0x1adf	0x2355B0x1adf
0x2342B0x1adf	0x4610B0x1adf
0x2252B0x1b78	0x1ba2
0x2392B0x1c1c	0x23aaB0x1c1c
0x2392B0x1c1c	0x4631B0x1c1c
0x2392B0x1dba	0x23aaB0x1dba
0x2392B0x1dba	0x4631B0x1dba
0x24d4B0x1dc3	0x1dcc
0x2392B0x1e52	0x23aaB0x1e52
0x2392B0x1e52	0x4631B0x1e52
0x24d4B0x1e5b	0x1e64
0x2392B0x2047	0x23aaB0x2047
0x2392B0x2047	0x4631B0x2047
0x24d4B0x2050	0x2059
0x2252B0x23f1	0x23fd
0x2252B0x23fd	0x243b
0x2200B0x26b8	0x2d74B0x2200B0x26b8
0x307eB0x268d	0x492dB0x268d
0x2252B0x2c30	0x4840
0x2931B0x2ef7	0x293f0x2931B0x2ef7
0x2931B0x2ef7	0x474d0x2931B0x2ef7
0x307eB0x3010	0x492dB0x3010
0x341eB0x3145	0x2d74B0x341eB0x3145
0x307eB0x31d7	0x492dB0x31d7
0xd10B0x31e5	0x31f1
0xd10B0x31fc	0x320b
0x2931B0x34e5	0x293f0x2931B0x34e5
0x2931B0x34e5	0x474d0x2931B0x34e5
0x2931B0x34f2	0x293f0x2931B0x34f2
0x2931B0x34f2	0x474d0x2931B0x34f2
0xc38B0x309	0xc760xbeaB0x309
0xbeaB0x309	0xc30B0x309
0xbeaB0x309	0xc760xbeaB0x309
0xc30B0x309	0xc38B0x309
0xc30B0x309	0xc4b0xbeaB0x309
0xc4b0xbeaB0x309	0xc590xbeaB0x309
0xc590xbeaB0x309	0xc590xbeaB0x309
0xc590xbeaB0x309	0xc6d0xbeaB0x309
0xc6d0xbeaB0x309	0xc760xbeaB0x309
0xd10B0x3ec	0x3b85
0x1b58B0x886	0xc760x1b0aB0x886
0x1b0aB0x886	0x1b50B0x886
0x1b0aB0x886	0xc760x1b0aB0x886
0x1b50B0x886	0x1b58B0x886
0x1b50B0x886	0xc4b0x1b0aB0x886
0xc4b0x1b0aB0x886	0xc590x1b0aB0x886
0xc590x1b0aB0x886	0xc590x1b0aB0x886
0xc590x1b0aB0x886	0xc6d0x1b0aB0x886
0xc6d0x1b0aB0x886	0xc760x1b0aB0x886
0x2b2fB0x113d	0x1145
0x3227B0x29280x91c	0x4978B0x29280x91c
0x3227B0x29280x939	0x4978B0x29280x939
0x28170x2804B0xeed	0x28730x2804B0xeed
0x2804B0xeed	0x28170x2804B0xeed
0x2804B0xeed	0x29280x2804B0xeed
0x29280x2804B0xeed	0x3227B0x29280x2804B0xeed
0x28da0x2804B0xeed	0x28e10x2804B0xeed
0x28da0x2804B0xeed	0x29280x2804B0xeed
0x28c40x2804B0xeed	0x28d60x2804B0xeed
0x28c40x2804B0xeed	0x28da0x2804B0xeed
0x28b00x2804B0xeed	0x28bb0x2804B0xeed
0x28b00x2804B0xeed	0x28c40x2804B0xeed
0x288b0x2804B0xeed	0x28ac0x2804B0xeed
0x288b0x2804B0xeed	0x28b00x2804B0xeed
0x287c0x2804B0xeed	0x28730x2804B0xeed
0x28730x2804B0xeed	0x288b0x2804B0xeed
0x28730x2804B0xeed	0x287c0x2804B0xeed
0x3227B0x29280x2804B0xeed	0x4978B0x29280x2804B0xeed
0x2d60B0x1c24	0x2252B0x2d60B0x1c24
0x2d6dB0x1c24	0xc950x2d60B0x1c24
0xc950x2d60B0x1c24	0xc990x2d60B0x1c24
0x2252B0x2d60B0x1c24	0x2d6dB0x1c24
0xf4aB0x5c1	0x2342B0xf4aB0x5c1
0xf52B0x5c1	0x298bB0x5c1
0x298bB0x5c1	0x2996B0x5c1
0x298bB0x5c1	0x29d9B0x5c1
0x29d9B0x5c1	0x2252B0x29d9B0x5c1
0x4773B0x5c1	0x4398B0x5c1
0x2342B0xf4aB0x5c1	0x2355B0xf4aB0x5c1
0x2342B0xf4aB0x5c1	0x4610B0xf4aB0x5c1
0x2252B0x29d9B0x5c1	0x4773B0x5c1
0x19a7B0x82a	0x2c66B0x19a7B0x82a
0x19afB0x82a	0x4492B0x82a
0x2c66B0x19a7B0x82a	0x2c8aB0x19a7B0x82a
0x2c66B0x19a7B0x82a	0x2c7bB0x19a7B0x82a
0x2c8aB0x19a7B0x82a	0x2c8fB0x19a7B0x82a
0x2c8aB0x19a7B0x82a	0x487cB0x19a7B0x82a
0x2c7bB0x19a7B0x82a	0x2c8aB0x19a7B0x82a
0x19b7B0x832	0x19c3B0x832
0x19b7B0x832	0x19fdB0x832
0x19fdB0x832	0x1a05B0x832
0x1a05B0x832	0x2392B0x1a05B0x832
0x1a0eB0x832	0x24d4B0x1a0eB0x832
0x1a17B0x832	0x18f70x19b7B0x832
0x1a23B0x832	0x44b3B0x832
0x18f70x19b7B0x832	0x1a23B0x832
0x2392B0x1a05B0x832	0x23aaB0x1a05B0x832
0x2392B0x1a05B0x832	0x4631B0x1a05B0x832
0x24d4B0x1a0eB0x832	0x1a17B0x832
0x1f0cB0xa00	0x1f18B0xa00
0x1f0cB0xa00	0x1f52B0xa00
0x1f52B0xa00	0x1f5aB0xa00
0x1f5aB0xa00	0x1f64B0xa00
0x1f64B0xa00	0x2200B0x1f64B0xa00
0x1f85B0xa00	0x1fdaB0xa00
0x1f85B0xa00	0x1fdeB0xa00
0x1fdeB0xa00	0x1fe9B0xa00
0x1fdeB0xa00	0x1ff2B0xa00
0x2200B0x1f64B0xa00	0x2d74B0x2200B0x1f64B0xa00
0x28170x20a9B0xb12	0x28730x20a9B0xb12
0x20a9B0xb12	0x20b5B0xb12
0x20a9B0xb12	0x20efB0xb12
0x20efB0xb12	0x20f7B0xb12
0x20f7B0xb12	0x2392B0x20f7B0xb12
0x2100B0xb12	0x24d4B0x2100B0xb12
0x2109B0xb12	0x2151B0xb12
0x2109B0xb12	0x2155B0xb12
0x2155B0xb12	0x2160B0xb12
0x2155B0xb12	0x2169B0xb12
0x2169B0xb12	0x217bB0xb12
0x2169B0xb12	0x217fB0xb12
0x217fB0xb12	0x1dd40x20a9B0xb12
0x29280x20a9B0xb12	0x3227B0x29280x20a9B0xb12
0x28da0x20a9B0xb12	0x28e10x20a9B0xb12
0x28da0x20a9B0xb12	0x29280x20a9B0xb12
0x28c40x20a9B0xb12	0x28d60x20a9B0xb12
0x28c40x20a9B0xb12	0x28da0x20a9B0xb12
0x28b00x20a9B0xb12	0x28bb0x20a9B0xb12
0x28b00x20a9B0xb12	0x28c40x20a9B0xb12
0x288b0x20a9B0xb12	0x28ac0x20a9B0xb12
0x288b0x20a9B0xb12	0x28b00x20a9B0xb12
0x287c0x20a9B0xb12	0x28730x20a9B0xb12
0x28730x20a9B0xb12	0x288b0x20a9B0xb12
0x28730x20a9B0xb12	0x287c0x20a9B0xb12
0x28040x20a9B0xb12	0x28170x20a9B0xb12
0x28040x20a9B0xb12	0x29280x20a9B0xb12
0x1dfe0x20a9B0xb12	0x28040x20a9B0xb12
0x1dd40x20a9B0xb12	0x1dfe0x20a9B0xb12
0x1dd40x20a9B0xb12	0x1def0x20a9B0xb12
0x1def0x20a9B0xb12	0x1dfe0x20a9B0xb12
0x2392B0x20f7B0xb12	0x23aaB0x20f7B0xb12
0x2392B0x20f7B0xb12	0x4631B0x20f7B0xb12
0x24d4B0x2100B0xb12	0x2109B0xb12
0x3227B0x29280x20a9B0xb12	0x4978B0x29280x20a9B0xb12
0x2dc9B0x2200B0xbcb	0x2dd4B0x2200B0xbcb
0x2dc9B0x2200B0xbcb	0x489dB0x2200B0xbcb
0x2de8B0x2200B0xbcb	0x2defB0x2200B0xbcb
0x2de8B0x2200B0xbcb	0x48c1B0x2200B0xbcb
0x2d74B0x2200B0xbcb	0x340fB0x2d74B0x2200B0xbcb
0x2dd4B0x2200B0xbcb	0x2de4B0x2200B0xbcb
0x2dd4B0x2200B0xbcb	0x2de8B0x2200B0xbcb
0x340fB0x2d74B0x2200B0xbcb	0x3570B0x340fB0x2d74B0x2200B0xbcb
0x364cB0x340fB0x2d74B0x2200B0xbcb	0x3672B0x340fB0x2d74B0x2200B0xbcb
0x3570B0x340fB0x2d74B0x2200B0xbcb	0x36ddB0x340fB0x2d74B0x2200B0xbcb
0x357bB0x340fB0x2d74B0x2200B0xbcb	0x3580B0x340fB0x2d74B0x2200B0xbcb
0x357bB0x340fB0x2d74B0x2200B0xbcb	0x35ccB0x340fB0x2d74B0x2200B0xbcb
0x36ddB0x340fB0x2d74B0x2200B0xbcb	0x357bB0x340fB0x2d74B0x2200B0xbcb
0x35ccB0x340fB0x2d74B0x2200B0xbcb	0x35ecB0x340fB0x2d74B0x2200B0xbcb
0x360bB0x340fB0x2d74B0x2200B0xbcb	0x364cB0x340fB0x2d74B0x2200B0xbcb
0x360bB0x340fB0x2d74B0x2200B0xbcb	0x366dB0x340fB0x2d74B0x2200B0xbcb
0x35ecB0x340fB0x2d74B0x2200B0xbcb	0x360bB0x340fB0x2d74B0x2200B0xbcb
0x35ecB0x340fB0x2d74B0x2200B0xbcb	0x35f5B0x340fB0x2d74B0x2200B0xbcb
0x366dB0x340fB0x2d74B0x2200B0xbcb	0x3672B0x340fB0x2d74B0x2200B0xbcb
0x3672B0x340fB0x2d74B0x2200B0xbcb	0x3686B0x340fB0x2d74B0x2200B0xbcb
0x3672B0x340fB0x2d74B0x2200B0xbcb	0x367eB0x340fB0x2d74B0x2200B0xbcb
0x3686B0x340fB0x2d74B0x2200B0xbcb	0x3696B0x340fB0x2d74B0x2200B0xbcb
0x3686B0x340fB0x2d74B0x2200B0xbcb	0x368eB0x340fB0x2d74B0x2200B0xbcb
0x4a2bB0x340fB0x2d74B0x2200B0xbcb	0x49e0B0x2d74B0x2200B0xbcb
0x3696B0x340fB0x2d74B0x2200B0xbcb	0x36ceB0x340fB0x2d74B0x2200B0xbcb
0x3696B0x340fB0x2d74B0x2200B0xbcb	0x2d1d0x3570B0x340fB0x2d74B0x2200B0xbcb
0x35f5B0x340fB0x2d74B0x2200B0xbcb	0x35ecB0x340fB0x2d74B0x2200B0xbcb
0x367eB0x340fB0x2d74B0x2200B0xbcb	0x4a2bB0x340fB0x2d74B0x2200B0xbcb
0x36ceB0x340fB0x2d74B0x2200B0xbcb	0x2d050x3570B0x340fB0x2d74B0x2200B0xbcb
0x2d050x3570B0x340fB0x2d74B0x2200B0xbcb	0x2d0e0x3570B0x340fB0x2d74B0x2200B0xbcb
0x2d050x3570B0x340fB0x2d74B0x2200B0xbcb	0x2d1d0x3570B0x340fB0x2d74B0x2200B0xbcb
0x2d0e0x3570B0x340fB0x2d74B0x2200B0xbcb	0x2d050x3570B0x340fB0x2d74B0x2200B0xbcb
0x2d1d0x3570B0x340fB0x2d74B0x2200B0xbcb	0x2d310x3570B0x340fB0x2d74B0x2200B0xbcb
0x2d1d0x3570B0x340fB0x2d74B0x2200B0xbcb	0x2d4a0x3570B0x340fB0x2d74B0x2200B0xbcb
0x2d310x3570B0x340fB0x2d74B0x2200B0xbcb	0x2d4a0x3570B0x340fB0x2d74B0x2200B0xbcb
0x2dc9B0x2200B0x26b8	0x2dd4B0x2200B0x26b8
0x2dc9B0x2200B0x26b8	0x489dB0x2200B0x26b8
0x2de8B0x2200B0x26b8	0x2defB0x2200B0x26b8
0x2de8B0x2200B0x26b8	0x48c1B0x2200B0x26b8
0x2d74B0x2200B0x26b8	0x340fB0x2d74B0x2200B0x26b8
0x2dd4B0x2200B0x26b8	0x2de4B0x2200B0x26b8
0x2dd4B0x2200B0x26b8	0x2de8B0x2200B0x26b8
0x340fB0x2d74B0x2200B0x26b8	0x3570B0x340fB0x2d74B0x2200B0x26b8
0x364cB0x340fB0x2d74B0x2200B0x26b8	0x3672B0x340fB0x2d74B0x2200B0x26b8
0x3570B0x340fB0x2d74B0x2200B0x26b8	0x36ddB0x340fB0x2d74B0x2200B0x26b8
0x357bB0x340fB0x2d74B0x2200B0x26b8	0x3580B0x340fB0x2d74B0x2200B0x26b8
0x357bB0x340fB0x2d74B0x2200B0x26b8	0x35ccB0x340fB0x2d74B0x2200B0x26b8
0x36ddB0x340fB0x2d74B0x2200B0x26b8	0x357bB0x340fB0x2d74B0x2200B0x26b8
0x35ccB0x340fB0x2d74B0x2200B0x26b8	0x35ecB0x340fB0x2d74B0x2200B0x26b8
0x360bB0x340fB0x2d74B0x2200B0x26b8	0x364cB0x340fB0x2d74B0x2200B0x26b8
0x360bB0x340fB0x2d74B0x2200B0x26b8	0x366dB0x340fB0x2d74B0x2200B0x26b8
0x35ecB0x340fB0x2d74B0x2200B0x26b8	0x360bB0x340fB0x2d74B0x2200B0x26b8
0x35ecB0x340fB0x2d74B0x2200B0x26b8	0x35f5B0x340fB0x2d74B0x2200B0x26b8
0x366dB0x340fB0x2d74B0x2200B0x26b8	0x3672B0x340fB0x2d74B0x2200B0x26b8
0x3672B0x340fB0x2d74B0x2200B0x26b8	0x3686B0x340fB0x2d74B0x2200B0x26b8
0x3672B0x340fB0x2d74B0x2200B0x26b8	0x367eB0x340fB0x2d74B0x2200B0x26b8
0x3686B0x340fB0x2d74B0x2200B0x26b8	0x3696B0x340fB0x2d74B0x2200B0x26b8
0x3686B0x340fB0x2d74B0x2200B0x26b8	0x368eB0x340fB0x2d74B0x2200B0x26b8
0x4a2bB0x340fB0x2d74B0x2200B0x26b8	0x49e0B0x2d74B0x2200B0x26b8
0x3696B0x340fB0x2d74B0x2200B0x26b8	0x36ceB0x340fB0x2d74B0x2200B0x26b8
0x3696B0x340fB0x2d74B0x2200B0x26b8	0x2d1d0x3570B0x340fB0x2d74B0x2200B0x26b8
0x35f5B0x340fB0x2d74B0x2200B0x26b8	0x35ecB0x340fB0x2d74B0x2200B0x26b8
0x367eB0x340fB0x2d74B0x2200B0x26b8	0x4a2bB0x340fB0x2d74B0x2200B0x26b8
0x36ceB0x340fB0x2d74B0x2200B0x26b8	0x2d050x3570B0x340fB0x2d74B0x2200B0x26b8
0x2d050x3570B0x340fB0x2d74B0x2200B0x26b8	0x2d0e0x3570B0x340fB0x2d74B0x2200B0x26b8
0x2d050x3570B0x340fB0x2d74B0x2200B0x26b8	0x2d1d0x3570B0x340fB0x2d74B0x2200B0x26b8
0x2d0e0x3570B0x340fB0x2d74B0x2200B0x26b8	0x2d050x3570B0x340fB0x2d74B0x2200B0x26b8
0x2d1d0x3570B0x340fB0x2d74B0x2200B0x26b8	0x2d310x3570B0x340fB0x2d74B0x2200B0x26b8
0x2d1d0x3570B0x340fB0x2d74B0x2200B0x26b8	0x2d4a0x3570B0x340fB0x2d74B0x2200B0x26b8
0x2d310x3570B0x340fB0x2d74B0x2200B0x26b8	0x2d4a0x3570B0x340fB0x2d74B0x2200B0x26b8
0x2dc9B0x341eB0x3145	0x2dd4B0x341eB0x3145
0x2dc9B0x341eB0x3145	0x489dB0x341eB0x3145
0x2de8B0x341eB0x3145	0x2defB0x341eB0x3145
0x2de8B0x341eB0x3145	0x48c1B0x341eB0x3145
0x2d74B0x341eB0x3145	0x340fB0x2d74B0x341eB0x3145
0x2dd4B0x341eB0x3145	0x2de4B0x341eB0x3145
0x2dd4B0x341eB0x3145	0x2de8B0x341eB0x3145
0x340fB0x2d74B0x341eB0x3145	0x3570B0x340fB0x2d74B0x341eB0x3145
0x364cB0x340fB0x2d74B0x341eB0x3145	0x3672B0x340fB0x2d74B0x341eB0x3145
0x3570B0x340fB0x2d74B0x341eB0x3145	0x36ddB0x340fB0x2d74B0x341eB0x3145
0x357bB0x340fB0x2d74B0x341eB0x3145	0x3580B0x340fB0x2d74B0x341eB0x3145
0x357bB0x340fB0x2d74B0x341eB0x3145	0x35ccB0x340fB0x2d74B0x341eB0x3145
0x36ddB0x340fB0x2d74B0x341eB0x3145	0x357bB0x340fB0x2d74B0x341eB0x3145
0x35ccB0x340fB0x2d74B0x341eB0x3145	0x35ecB0x340fB0x2d74B0x341eB0x3145
0x360bB0x340fB0x2d74B0x341eB0x3145	0x364cB0x340fB0x2d74B0x341eB0x3145
0x360bB0x340fB0x2d74B0x341eB0x3145	0x366dB0x340fB0x2d74B0x341eB0x3145
0x35ecB0x340fB0x2d74B0x341eB0x3145	0x360bB0x340fB0x2d74B0x341eB0x3145
0x35ecB0x340fB0x2d74B0x341eB0x3145	0x35f5B0x340fB0x2d74B0x341eB0x3145
0x366dB0x340fB0x2d74B0x341eB0x3145	0x3672B0x340fB0x2d74B0x341eB0x3145
0x3672B0x340fB0x2d74B0x341eB0x3145	0x3686B0x340fB0x2d74B0x341eB0x3145
0x3672B0x340fB0x2d74B0x341eB0x3145	0x367eB0x340fB0x2d74B0x341eB0x3145
0x3686B0x340fB0x2d74B0x341eB0x3145	0x3696B0x340fB0x2d74B0x341eB0x3145
0x3686B0x340fB0x2d74B0x341eB0x3145	0x368eB0x340fB0x2d74B0x341eB0x3145
0x4a2bB0x340fB0x2d74B0x341eB0x3145	0x49e0B0x2d74B0x341eB0x3145
0x3696B0x340fB0x2d74B0x341eB0x3145	0x36ceB0x340fB0x2d74B0x341eB0x3145
0x3696B0x340fB0x2d74B0x341eB0x3145	0x2d1d0x3570B0x340fB0x2d74B0x341eB0x3145
0x35f5B0x340fB0x2d74B0x341eB0x3145	0x35ecB0x340fB0x2d74B0x341eB0x3145
0x367eB0x340fB0x2d74B0x341eB0x3145	0x4a2bB0x340fB0x2d74B0x341eB0x3145
0x36ceB0x340fB0x2d74B0x341eB0x3145	0x2d050x3570B0x340fB0x2d74B0x341eB0x3145
0x2d050x3570B0x340fB0x2d74B0x341eB0x3145	0x2d0e0x3570B0x340fB0x2d74B0x341eB0x3145
0x2d050x3570B0x340fB0x2d74B0x341eB0x3145	0x2d1d0x3570B0x340fB0x2d74B0x341eB0x3145
0x2d0e0x3570B0x340fB0x2d74B0x341eB0x3145	0x2d050x3570B0x340fB0x2d74B0x341eB0x3145
0x2d1d0x3570B0x340fB0x2d74B0x341eB0x3145	0x2d310x3570B0x340fB0x2d74B0x341eB0x3145
0x2d1d0x3570B0x340fB0x2d74B0x341eB0x3145	0x2d4a0x3570B0x340fB0x2d74B0x341eB0x3145
0x2d310x3570B0x340fB0x2d74B0x341eB0x3145	0x2d4a0x3570B0x340fB0x2d74B0x341eB0x3145
0x2dc9B0x2200B0x1f64B0xa00	0x2dd4B0x2200B0x1f64B0xa00
0x2dc9B0x2200B0x1f64B0xa00	0x489dB0x2200B0x1f64B0xa00
0x2de8B0x2200B0x1f64B0xa00	0x2defB0x2200B0x1f64B0xa00
0x2de8B0x2200B0x1f64B0xa00	0x48c1B0x2200B0x1f64B0xa00
0x2d74B0x2200B0x1f64B0xa00	0x340fB0x2d74B0x2200B0x1f64B0xa00
0x2dd4B0x2200B0x1f64B0xa00	0x2de4B0x2200B0x1f64B0xa00
0x2dd4B0x2200B0x1f64B0xa00	0x2de8B0x2200B0x1f64B0xa00
0x340fB0x2d74B0x2200B0x1f64B0xa00	0x3570B0x340fB0x2d74B0x2200B0x1f64B0xa00
0x364cB0x340fB0x2d74B0x2200B0x1f64B0xa00	0x3672B0x340fB0x2d74B0x2200B0x1f64B0xa00
0x3570B0x340fB0x2d74B0x2200B0x1f64B0xa00	0x36ddB0x340fB0x2d74B0x2200B0x1f64B0xa00
0x357bB0x340fB0x2d74B0x2200B0x1f64B0xa00	0x3580B0x340fB0x2d74B0x2200B0x1f64B0xa00
0x357bB0x340fB0x2d74B0x2200B0x1f64B0xa00	0x35ccB0x340fB0x2d74B0x2200B0x1f64B0xa00
0x36ddB0x340fB0x2d74B0x2200B0x1f64B0xa00	0x357bB0x340fB0x2d74B0x2200B0x1f64B0xa00
0x35ccB0x340fB0x2d74B0x2200B0x1f64B0xa00	0x35ecB0x340fB0x2d74B0x2200B0x1f64B0xa00
0x360bB0x340fB0x2d74B0x2200B0x1f64B0xa00	0x364cB0x340fB0x2d74B0x2200B0x1f64B0xa00
0x360bB0x340fB0x2d74B0x2200B0x1f64B0xa00	0x366dB0x340fB0x2d74B0x2200B0x1f64B0xa00
0x35ecB0x340fB0x2d74B0x2200B0x1f64B0xa00	0x360bB0x340fB0x2d74B0x2200B0x1f64B0xa00
0x35ecB0x340fB0x2d74B0x2200B0x1f64B0xa00	0x35f5B0x340fB0x2d74B0x2200B0x1f64B0xa00
0x366dB0x340fB0x2d74B0x2200B0x1f64B0xa00	0x3672B0x340fB0x2d74B0x2200B0x1f64B0xa00
0x3672B0x340fB0x2d74B0x2200B0x1f64B0xa00	0x3686B0x340fB0x2d74B0x2200B0x1f64B0xa00
0x3672B0x340fB0x2d74B0x2200B0x1f64B0xa00	0x367eB0x340fB0x2d74B0x2200B0x1f64B0xa00
0x3686B0x340fB0x2d74B0x2200B0x1f64B0xa00	0x3696B0x340fB0x2d74B0x2200B0x1f64B0xa00
0x3686B0x340fB0x2d74B0x2200B0x1f64B0xa00	0x368eB0x340fB0x2d74B0x2200B0x1f64B0xa00
0x4a2bB0x340fB0x2d74B0x2200B0x1f64B0xa00	0x49e0B0x2d74B0x2200B0x1f64B0xa00
0x3696B0x340fB0x2d74B0x2200B0x1f64B0xa00	0x36ceB0x340fB0x2d74B0x2200B0x1f64B0xa00
0x3696B0x340fB0x2d74B0x2200B0x1f64B0xa00	0x2d1d0x3570B0x340fB0x2d74B0x2200B0x1f64B0xa00
0x35f5B0x340fB0x2d74B0x2200B0x1f64B0xa00	0x35ecB0x340fB0x2d74B0x2200B0x1f64B0xa00
0x367eB0x340fB0x2d74B0x2200B0x1f64B0xa00	0x4a2bB0x340fB0x2d74B0x2200B0x1f64B0xa00
0x36ceB0x340fB0x2d74B0x2200B0x1f64B0xa00	0x2d050x3570B0x340fB0x2d74B0x2200B0x1f64B0xa00
0x2d050x3570B0x340fB0x2d74B0x2200B0x1f64B0xa00	0x2d0e0x3570B0x340fB0x2d74B0x2200B0x1f64B0xa00
0x2d050x3570B0x340fB0x2d74B0x2200B0x1f64B0xa00	0x2d1d0x3570B0x340fB0x2d74B0x2200B0x1f64B0xa00
0x2d0e0x3570B0x340fB0x2d74B0x2200B0x1f64B0xa00	0x2d050x3570B0x340fB0x2d74B0x2200B0x1f64B0xa00
0x2d1d0x3570B0x340fB0x2d74B0x2200B0x1f64B0xa00	0x2d310x3570B0x340fB0x2d74B0x2200B0x1f64B0xa00
0x2d1d0x3570B0x340fB0x2d74B0x2200B0x1f64B0xa00	0x2d4a0x3570B0x340fB0x2d74B0x2200B0x1f64B0xa00
0x2d310x3570B0x340fB0x2d74B0x2200B0x1f64B0xa00	0x2d4a0x3570B0x340fB0x2d74B0x2200B0x1f64B0xa00
0x2baaB0x175e	0x2bc2B0x175e
0x2bdbB0x175e	0x1768
0x2b35B0x175e	0x2b4eB0x175e
0x2b35B0x175e	0x2b46B0x175e
0x2b4eB0x175e	0x2b5cB0x175e
0x2b4eB0x175e	0x2b54B0x175e
0x2b5cB0x175e	0x2b61B0x175e
0x2b5cB0x175e	0x2b97B0x175e
0x2b97B0x175e	0x2baaB0x175e
0x2b97B0x175e	0x2bc2B0x175e
0x2bc2B0x175e	0x3296B0x2bc2B0x175e
0x2bcaB0x175e	0x3337B0x2bcaB0x175e
0x2bd4B0x175e	0x2bdbB0x175e
0x2bd4B0x175e	0x481cB0x175e
0x2b46B0x175e	0x2b2fB0x2b46B0x175e
0x2b54B0x175e	0x2b5cB0x175e
0x2b2fB0x2b46B0x175e	0x2b4eB0x175e
0x330bB0x2bc2B0x175e	0x3323B0x2bc2B0x175e
0x332aB0x2bc2B0x175e	0x2bcaB0x175e
0x3296B0x2bc2B0x175e	0x32afB0x2bc2B0x175e
0x3296B0x2bc2B0x175e	0x32a7B0x2bc2B0x175e
0x32afB0x2bc2B0x175e	0x32bdB0x2bc2B0x175e
0x32afB0x2bc2B0x175e	0x32b5B0x2bc2B0x175e
0x32bdB0x2bc2B0x175e	0x32c2B0x2bc2B0x175e
0x32bdB0x2bc2B0x175e	0x32f8B0x2bc2B0x175e
0x32f8B0x2bc2B0x175e	0x330bB0x2bc2B0x175e
0x32f8B0x2bc2B0x175e	0x3323B0x2bc2B0x175e
0x3323B0x2bc2B0x175e	0x332aB0x2bc2B0x175e
0x3323B0x2bc2B0x175e	0x499aB0x2bc2B0x175e
0x32a7B0x2bc2B0x175e	0x2b2fB0x32a7B0x2bc2B0x175e
0x32b5B0x2bc2B0x175e	0x32bdB0x2bc2B0x175e
0x2b2fB0x32a7B0x2bc2B0x175e	0x32afB0x2bc2B0x175e
0x33acB0x2bcaB0x175e	0x33c4B0x2bcaB0x175e
0x3400B0x2bcaB0x175e	0x2bd4B0x175e
0x3337B0x2bcaB0x175e	0x3350B0x2bcaB0x175e
0x3337B0x2bcaB0x175e	0x3348B0x2bcaB0x175e
0x3350B0x2bcaB0x175e	0x335eB0x2bcaB0x175e
0x3350B0x2bcaB0x175e	0x3356B0x2bcaB0x175e
0x335eB0x2bcaB0x175e	0x3363B0x2bcaB0x175e
0x335eB0x2bcaB0x175e	0x3399B0x2bcaB0x175e
0x3399B0x2bcaB0x175e	0x33acB0x2bcaB0x175e
0x3399B0x2bcaB0x175e	0x33c4B0x2bcaB0x175e
0x33c4B0x2bcaB0x175e	0x36e3B0x33c4B0x2bcaB0x175e
0x33d7B0x2bcaB0x175e	0x36e3B0x33d7B0x2bcaB0x175e
0x33ebB0x2bcaB0x175e	0x3400B0x2bcaB0x175e
0x33ebB0x2bcaB0x175e	0x49bcB0x2bcaB0x175e
0x3348B0x2bcaB0x175e	0x2b2fB0x3348B0x2bcaB0x175e
0x3356B0x2bcaB0x175e	0x335eB0x2bcaB0x175e
0x2b2fB0x3348B0x2bcaB0x175e	0x3350B0x2bcaB0x175e
0x36e3B0x33c4B0x2bcaB0x175e	0x3724B0x33c4B0x2bcaB0x175e
0x36e3B0x33c4B0x2bcaB0x175e	0x3714B0x33c4B0x2bcaB0x175e
0x3724B0x33c4B0x2bcaB0x175e	0x3751B0x33c4B0x2bcaB0x175e
0x3724B0x33c4B0x2bcaB0x175e	0x3733B0x33c4B0x2bcaB0x175e
0x3751B0x33c4B0x2bcaB0x175e	0x3761B0x3751B0x33c4B0x2bcaB0x175e
0x3736B0x33c4B0x2bcaB0x175e	0x3751B0x33c4B0x2bcaB0x175e
0x3736B0x33c4B0x2bcaB0x175e	0x373fB0x33c4B0x2bcaB0x175e
0x3714B0x33c4B0x2bcaB0x175e	0x3751B0x33c4B0x2bcaB0x175e
0x3733B0x33c4B0x2bcaB0x175e	0x3736B0x33c4B0x2bcaB0x175e
0x373fB0x33c4B0x2bcaB0x175e	0x3736B0x33c4B0x2bcaB0x175e
0x376bB0x3751B0x33c4B0x2bcaB0x175e	0x3762B0x3751B0x33c4B0x2bcaB0x175e
0x3762B0x3751B0x33c4B0x2bcaB0x175e	0x376bB0x3751B0x33c4B0x2bcaB0x175e
0x3762B0x3751B0x33c4B0x2bcaB0x175e	0x4a75B0x3751B0x33c4B0x2bcaB0x175e
0x36e3B0x33d7B0x2bcaB0x175e	0x3724B0x33d7B0x2bcaB0x175e
0x36e3B0x33d7B0x2bcaB0x175e	0x3714B0x33d7B0x2bcaB0x175e
0x3724B0x33d7B0x2bcaB0x175e	0x3751B0x33d7B0x2bcaB0x175e
0x3724B0x33d7B0x2bcaB0x175e	0x3733B0x33d7B0x2bcaB0x175e
0x3751B0x33d7B0x2bcaB0x175e	0x3761B0x3751B0x33d7B0x2bcaB0x175e
0x3736B0x33d7B0x2bcaB0x175e	0x3751B0x33d7B0x2bcaB0x175e
0x3736B0x33d7B0x2bcaB0x175e	0x373fB0x33d7B0x2bcaB0x175e
0x3714B0x33d7B0x2bcaB0x175e	0x3751B0x33d7B0x2bcaB0x175e
0x3733B0x33d7B0x2bcaB0x175e	0x3736B0x33d7B0x2bcaB0x175e
0x373fB0x33d7B0x2bcaB0x175e	0x3736B0x33d7B0x2bcaB0x175e
0x376bB0x3751B0x33d7B0x2bcaB0x175e	0x3762B0x3751B0x33d7B0x2bcaB0x175e
0x3762B0x3751B0x33d7B0x2bcaB0x175e	0x376bB0x3751B0x33d7B0x2bcaB0x175e
0x3762B0x3751B0x33d7B0x2bcaB0x175e	0x4a75B0x3751B0x33d7B0x2bcaB0x175e
0xc990x386	0x3b31
0xc990x595	0x3cb8
0xc990x88e	0x3ffe
0xc990xfd0	0x43dd
0x472a0x91c	0x4542
0x472a0x939	0x4564
0x474d0x1c6e	0x451e
0x47af0xfd0	0x43dd
0x47d50xfd0	0x43b9
0x492dB0x2598	0x25a3
0x474d0x2931B0x26a8	0x26b1
0x4610B0x18cb	0x18d3
0x4610B0x1912	0x191a
0x4610B0x197e	0x1986
0x4610B0x1c35	0x1c3d
0x4610B0x1ee2	0x1eea
0x45cbB0xb78	0xb80
0x45ecB0xbcb	0x42c2
0x4610B0xce5	0xced
0x4631B0xd6e	0xd76
0x4631B0xdea	0xdf3
0x4631B0xe56	0xe5f
0x4631B0xedb	0xee4
0x474d0x2931B0xf15	0x4374
0x4610B0xfb2	0xfba
0x4610B0x1a6e	0x1a76
0x4610B0x1adf	0x1ae7
0x4631B0x1c1c	0x1c24
0x4631B0x1dba	0x1dc3
0x4631B0x1e52	0x1e5b
0x4631B0x2047	0x2050
0x45ecB0x26b8	0x46e2
0x492dB0x268d	0x269d
0x48e5B0x2eaf	0x2eba
0x474d0x2931B0x2ef7	0x2f26
0x4909B0x2fc7	0x2fd3
0x492dB0x3010	0x3036
0x3478B0x3145	0x3162
0x492dB0x31d7	0x31e5
0x4a07B0x34d9	0x34e5
0x474d0x2931B0x34e5	0x34f2
0x474d0x2931B0x34f2	0x3518
0xc7e0xbeaB0x309	0x3110x309
0xc7e0x1b0aB0x886	0x3110x886
0x4978B0x29280x91c	0x472a0x91c
0x4978B0x29280x939	0x472a0x939
0x472a0x2804B0xeed	0x4351
0x4978B0x29280x2804B0xeed	0x472a0x2804B0xeed
0xc990x2d60B0x1c24	0x44f8
0x4398B0x5c1	0x3ceb
0x4610B0xf4aB0x5c1	0xf52B0x5c1
0x4492B0x82a	0x3f7a
0x487cB0x19a7B0x82a	0x19afB0x82a
0x44b3B0x832	0x3f9b
0x4631B0x1a05B0x832	0x1a0eB0x832
0x1ff2B0xa00	0x4154
0x45ecB0x1f64B0xa00	0x1f85B0xa00
0x45aaB0xb12	0x41fa
0x472a0x20a9B0xb12	0x45aaB0xb12
0x4631B0x20f7B0xb12	0x2100B0xb12
0x4978B0x29280x20a9B0xb12	0x472a0x20a9B0xb12
0x489dB0x2200B0xbcb	0x45ecB0xbcb
0x48c1B0x2200B0xbcb	0x45ecB0xbcb
0x49e0B0x2d74B0x2200B0xbcb	0x2dc9B0x2200B0xbcb
0x489dB0x2200B0x26b8	0x45ecB0x26b8
0x48c1B0x2200B0x26b8	0x45ecB0x26b8
0x49e0B0x2d74B0x2200B0x26b8	0x2dc9B0x2200B0x26b8
0x489dB0x341eB0x3145	0x3478B0x3145
0x48c1B0x341eB0x3145	0x3478B0x3145
0x49e0B0x2d74B0x341eB0x3145	0x2dc9B0x341eB0x3145
0x489dB0x2200B0x1f64B0xa00	0x45ecB0x1f64B0xa00
0x48c1B0x2200B0x1f64B0xa00	0x45ecB0x1f64B0xa00
0x49e0B0x2d74B0x2200B0x1f64B0xa00	0x2dc9B0x2200B0x1f64B0xa00
0x481cB0x175e	0x1768
0x499aB0x2bc2B0x175e	0x2bcaB0x175e
0x49bcB0x2bcaB0x175e	0x2bd4B0x175e
0x4a52B0x33c4B0x2bcaB0x175e	0x33d7B0x2bcaB0x175e
0x4a75B0x3751B0x33c4B0x2bcaB0x175e	0x4a52B0x33c4B0x2bcaB0x175e
0x4a52B0x33d7B0x2bcaB0x175e	0x33ebB0x2bcaB0x175e
0x4a75B0x3751B0x33d7B0x2bcaB0x175e	0x4a52B0x33d7B0x2bcaB0x175e
0xc760xbeaB0x309	0xc7e0xbeaB0x309
0xc760x1b0aB0x886	0xc7e0x1b0aB0x886
0x3761B0x3751B0x33c4B0x2bcaB0x175e	0x3762B0x3751B0x33c4B0x2bcaB0x175e
0x3761B0x3751B0x33d7B0x2bcaB0x175e	0x3762B0x3751B0x33d7B0x2bcaB0x175e
