0x1f	0x1c	1
0x1f	0x1d	0
0x4	0x0	1
0x4	0x2	0
0xf	0xc	0
0xf	0xc	1
0x7	0x5	0
0x15	0x12	1
0x15	0x14	0
0x1c	0x1a	0
0x26	0x1f	1
0x26	0x21	0
0x31	0x1f	1
0x31	0x2c	0
0x3c	0x1f	1
0x3c	0x37	0
0x47	0x1f	1
0x47	0x42	0
0x52	0x1f	1
0x52	0x4d	0
0x5d	0x1f	1
0x5d	0x58	0
0x68	0x1f	1
0x68	0x63	0
0x78	0x1f	1
0x78	0x73	0
0x83	0x1f	1
0x83	0x7e	0
0x8e	0x1f	1
0x8e	0x89	0
0x99	0x1f	1
0x99	0x94	0
0xa4	0x1f	1
0xa4	0x9f	0
0xaf	0x1f	1
0xaf	0xaa	0
0xc1	0xbd	1
0xc1	0xc0	0
0xc5	0xc1	0
0xc5	0xc2	1
0xc6	0xc5	0
0xd7	0xd3	1
0xd7	0xd5	0
0xd8	0xd1	1
0xd8	0xd7	0
0xda	0xbd	0
0xdb	0xd8	1
0xdb	0xda	0
0xe0	0xbd	0
0xe0	0xdd	1
0xe1	0xe0	0
0xe5	0xbd	1
0xe5	0xe3	0
0xe6	0xe5	0
0xf5	0xf1	1
0xf5	0xf4	0
0xf9	0xf5	0
0xf9	0xf6	1
0xfa	0xf9	0
0x105	0xf1	0
0x124	0x120	1
0x124	0x123	0
0x128	0x124	0
0x128	0x125	1
0x129	0x128	0
0x135	0x120	0
0x139	0x120	1
0x139	0x137	0
0x13a	0x139	0
0x141	0x13d	1
0x141	0x13f	0
0x142	0x13b	1
0x142	0x141	0
0x143	0x13a	1
0x143	0x142	0
0x150	0x14c	1
0x150	0x14f	0
0x154	0x150	0
0x154	0x151	1
0x155	0x154	0
0x161	0x14c	0
0x165	0x14c	1
0x165	0x163	0
0x166	0x165	0
0x16d	0x169	1
0x16d	0x16b	0
0x16e	0x167	1
0x16e	0x16d	0
0x16f	0x166	1
0x16f	0x16e	0
0x17c	0x178	1
0x17c	0x17b	0
0x180	0x17c	0
0x180	0x17d	1
0x181	0x180	0
0x192	0x18e	1
0x192	0x190	0
0x193	0x18c	1
0x193	0x192	0
0x195	0x178	0
0x197	0x193	0
0x197	0x195	1
0x19b	0x178	1
0x19b	0x199	0
0x19c	0x19b	0
0x19d	0x193	1
0x19d	0x19c	0
0x1aa	0x1a6	1
0x1aa	0x1a9	0
0x1ae	0x1aa	0
0x1ae	0x1ab	1
0x1af	0x1ae	0
0x1c0	0x1bc	1
0x1c0	0x1be	0
0x1c1	0x1ba	1
0x1c1	0x1c0	0
0x1c3	0x1a6	0
0x1c5	0x1c1	0
0x1c5	0x1c3	1
0x1ca	0x1a6	0
0x1ca	0x1c7	1
0x1cb	0x1ca	0
0x1ce	0x1c1	0
0x1ce	0x1cb	1
0x1d3	0x1a6	0
0x1d3	0x1d0	1
0x1d4	0x1d3	0
0x1d9	0x1a6	0
0x1d9	0x1d6	1
0x1da	0x1d9	0
0x1df	0x1a6	0
0x1df	0x1dc	1
0x1e0	0x1df	0
0x1e4	0x1a6	1
0x1e4	0x1e2	0
0x1e5	0x1e4	0
0x1f2	0x1ee	1
0x1f2	0x1f1	0
0x1f6	0x1f2	0
0x1f6	0x1f3	1
0x1f7	0x1f6	0
0x203	0x1ee	0
0x207	0x1ee	1
0x207	0x205	0
0x208	0x207	0
0x211	0x20e	0
0x218	0x214	1
0x218	0x216	0
0x219	0x212	1
0x219	0x218	0
0x21c	0x219	1
0x21c	0x979V0x5d9	0
0x21f	0x20e	0
0x223	0x211	0
0x223	0x21f	1
0x226	0x223	1
0x226	0x224	0
0x231	0x22d	1
0x231	0x230	0
0x235	0x231	0
0x235	0x232	1
0x236	0x235	0
0x242	0x22d	0
0x246	0x22d	1
0x246	0x244	0
0x247	0x246	0
0x24e	0x24a	1
0x24e	0x24c	0
0x24f	0x248	1
0x24f	0x24e	0
0x250	0x247	1
0x250	0x24f	0
0x259	0x256	0
0x25b	0x2290x611_0x0	0
0x25c	0x25b	0
0x25f	0x256	0
0x263	0x259	0
0x263	0x25f	1
0x266	0x263	1
0x266	0x264	0
0x279	0x275	1
0x279	0x278	0
0x27d	0x279	0
0x27d	0x27a	1
0x27e	0x27d	0
0x289	0x275	0
0x296	0x292	1
0x296	0x295	0
0x29a	0x296	0
0x29a	0x297	1
0x29b	0x29a	0
0x2a7	0x292	0
0x2ab	0x292	1
0x2ab	0x2a9	0
0x2ac	0x2ab	0
0x2b3	0x2af	1
0x2b3	0x2b1	0
0x2b4	0x2ad	1
0x2b4	0x2b3	0
0x2b5	0x2ac	1
0x2b5	0x2b4	0
0x2c9	0x2c6	0
0x2e2	0x2df	0
0x2e9	0x2e3	1
0x2e9	0x2e7	0
0x2f1	0x2e2	0
0x2f1	0x2ee	1
0x2f8	0x2e2	0
0x2f8	0x2f5	1
0x308	0x2fa	1
0x308	0x306	0
0x30c	0x2e2	0
0x30c	0x309	1
0x30f	0x2df	0
0x313	0x2e2	0
0x313	0x30f	1
0x316	0x313	1
0x316	0x314	0
0x323	0x31f	1
0x323	0x321	0
0x324	0x31d	1
0x324	0x323	0
0x325	0xdb	1
0x325	0x324	0
0x34b	0x349	0
0x352	0x34b	1
0x352	0x350	0
0x358	0x352	1
0x358	0x356	0
0x35f	0x35d	0
0x362	0x358	0
0x362	0x35f	1
0x377	0x36a	0
0x377	0x374	1
0x37a	0x377	1
0x37a	0x378	0
0x37b	0x37a	0
0x38c	0x37f	0
0x38c	0x389	1
0x38f	0x38c	1
0x38f	0x38d	0
0x390	0x38f	0
0x3a8	0x3a6	0
0x3af	0x3a9	1
0x3af	0x3ad	0
0x3b4	0x3a8	1
0x3b4	0x3b2	0
0x3b9	0x3b4	1
0x3b9	0x3b7	0
0x3bc	0x3b4	1
0x3bc	0x3b9	0
0x3c5	0x3b9	1
0x3c5	0x3c3	0
0x3d0	0x3c5	1
0x3d0	0x3ce	0
0x3d6	0x3d4	0
0x3d9	0x3d0	0
0x3d9	0x3d6	1
0x3f9	0x3f5	1
0x3f9	0x3f7	0
0x3fa	0x3f3	1
0x3fa	0x3f9	0
0x3fb	0x3fa	0
0x3fb	0x69aV0x3ea	1
0x403	0x3ff	1
0x403	0x401	0
0x404	0x3fd	1
0x404	0x403	0
0x405	0x16f	1
0x405	0x404	0
0x406	0x3fb	1
0x406	0x405	0
0x40d	0x40b	0
0x414	0x40e	1
0x414	0x412	0
0x419	0x40d	1
0x419	0x417	0
0x41e	0x419	1
0x41e	0x41c	0
0x421	0x419	1
0x421	0x41e	0
0x42a	0x41e	1
0x42a	0x428	0
0x435	0x42a	1
0x435	0x433	0
0x43b	0x439	0
0x43e	0x435	0
0x43e	0x43b	1
0x44e	0x44c	0
0x453	0x44e	0
0x453	0x44f	1
0x456	0x453	1
0x456	0x454	0
0x46d	0x46b	0
0x470	0x46d	1
0x470	0x46e	0
0x471	0x470	0
0x479	0x477	0
0x480	0x47a	1
0x480	0x47e	0
0x485	0x479	1
0x485	0x483	0
0x48a	0x485	1
0x48a	0x488	0
0x48d	0x485	1
0x48d	0x48a	0
0x496	0x48a	1
0x496	0x494	0
0x4a1	0x496	1
0x4a1	0x49f	0
0x4a7	0x4a5	0
0x4aa	0x4a1	0
0x4aa	0x4a7	1
0x4b0	0x4ae	0
0x4b5	0x4b0	0
0x4b5	0x4b1	1
0x4b8	0x4b5	1
0x4b8	0x4b6	0
0x4b9	0x4b8	0
0x4bb	0x4b9	0
0x4c3	0x4c0	0
0x4c6	0x4c4	0
0x4ca	0x4c7	0
0x4cd	0x4c3	0
0x4cd	0x4ca	1
0x4d1	0x4cd	1
0x4d1	0x4ce	0
0x4d2	0x4c6	1
0x4d2	0x4d1	0
0x4d5	0x4d2	1
0x4d5	0x4d3	0
0x4f2	0x4ef	0
0x505	0x4b9	0
0x50d	0x50a	0
0x511	0x50e	0
0x512	0x50d	1
0x512	0x511	0
0x521	0x51e	0
0x53a	0x537	0
0x541	0x53b	1
0x541	0x53f	0
0x549	0x53a	0
0x549	0x546	1
0x550	0x53a	0
0x550	0x54d	1
0x560	0x552	1
0x560	0x55e	0
0x564	0x53a	0
0x564	0x561	1
0x567	0x537	0
0x56b	0x53a	0
0x56b	0x567	1
0x56e	0x56b	1
0x56e	0x56c	0
0x575	0x572	0
0x57c	0x578	1
0x57c	0x57a	0
0x57d	0x576	1
0x57d	0x57c	0
0x580	0x1ce	1
0x580	0x57d	0
0x586	0x575	0
0x586	0x583	1
0x58c	0x572	0
0x58c	0x575	1
0x593	0x575	0
0x593	0x590	1
0x59a	0x575	0
0x59a	0x597	1
0x59f	0x572	0
0x5a6	0x1c5	0
0x5a6	0x57d	1
0x5cc	0x575	0
0x5cc	0x59f	1
0x5cf	0x5cc	1
0x5cf	0x5cd	0
0x5e7	0x5da	0
0x5e7	0x5e4	1
0x625	0x618	0
0x625	0x622	1
0x63c	0x62f	0
0x63c	0x639	1
0x63f	0x63c	1
0x63f	0x63d	0
0x640	0x63f	0
0x653	0x651	0
0x65a	0x654	1
0x65a	0x658	0
0x65f	0x653	1
0x65f	0x65d	0
0x664	0x65f	1
0x664	0x662	0
0x667	0x65f	1
0x667	0x664	0
0x670	0x664	1
0x670	0x66e	0
0x67b	0x670	1
0x67b	0x679	0
0x681	0x67f	0
0x684	0x67b	0
0x684	0x681	1
0x68b	0x688	0
0x6ab	0x69e	0
0x6ab	0x6a8	1
0x6b6	0x867_0x0V0x69d	0
0x6c9	0x6c5	1
0x6c9	0x6c7	0
0x6ca	0x6c3	1
0x6ca	0x6c9	0
0x6cb	0x6ca	0
0x6cb	0x69aV0x6bb	1
0x6d3	0x6cf	1
0x6d3	0x6d1	0
0x6d4	0x6cd	1
0x6d4	0x6d3	0
0x6d5	0x6d4	0
0x6d5	0x69darg0x0	1
0x6fa	0x6f8	0
0x6fd	0x6fb	0
0x700	0x6fa	0
0x700	0x6fd	1
0x714	0x707	0
0x714	0x711	1
0x71f	0x87c_0x0V0x706	0
0x732	0x72e	1
0x732	0x730	0
0x733	0x72c	1
0x733	0x732	0
0x734	0x733	0
0x734	0x69aV0x724	1
0x73c	0x738	1
0x73c	0x73a	0
0x73d	0x736	1
0x73d	0x73c	0
0x73e	0x73d	0
0x73e	0x706arg0x0	1
0x763	0x761	0
0x766	0x764	0
0x769	0x763	0
0x769	0x766	1
0x840	0x83c	1
0x840	0x83e	0
0x841	0x83a	1
0x841	0x840	0
0x843	0x841	1
0x843	0x833arg0x0	0
0x880	0x87e	0
0x885	0x880	0
0x885	0x881	1
0x888	0x885	1
0x888	0x886	0
0x89f	0x89d	0
0x8a2	0x89f	1
0x8a2	0x8a0	0
0x8a3	0x8a2	0
0x8ab	0x8a9	0
0x8b2	0x8ac	1
0x8b2	0x8b0	0
0x8b7	0x8ab	1
0x8b7	0x8b5	0
0x8bc	0x8b7	1
0x8bc	0x8ba	0
0x8bf	0x8b7	1
0x8bf	0x8bc	0
0x8c8	0x8bc	1
0x8c8	0x8c6	0
0x8d3	0x8c8	1
0x8d3	0x8d1	0
0x8d9	0x8d7	0
0x8dc	0x8d3	0
0x8dc	0x8d9	1
0x8e2	0x8e0	0
0x8e7	0x8e2	0
0x8e7	0x8e3	1
0x8ea	0x8e7	1
0x8ea	0x8e8	0
0x8eb	0x8ea	0
0x8ed	0x8eb	0
0x8f5	0x8f2	0
0x8f8	0x8f6	0
0x8fc	0x8f9	0
0x8ff	0x8f5	0
0x8ff	0x8fc	1
0x903	0x8ff	1
0x903	0x900	0
0x904	0x8f8	1
0x904	0x903	0
0x907	0x904	1
0x907	0x905	0
0x90b	0x8eb	0
0x913	0x910	0
0x917	0x914	0
0x918	0x913	1
0x918	0x917	0
0x9b0	0x99darg0x1	0
0x9b5	0x9b0	1
0x9b5	0x9b1	0
0x9c1	0x9b8	0
0x9c1	0x9bd	1
0x9c4	0x9b0	0
0x9c4	0x9c1	1
0x9c9	0x99darg0x1	0
0x9cf	0x9b1	1
0x9cf	0x99darg0x1	0
0x9d6	0x9b8	0
0x9d6	0x9d3	1
0x9f0	0x9ed	1
0x9f0	0x9e7arg0x1	0
0x9f7	0x9e8	0
0x9f7	0x9f4	1
0x9f8	0x9f7	0
0x9fa	0x9f8	0
0xa00	0x9e7arg0x1	0
0xa03	0xa01	0
0xa06	0x9f8	0
0xa06	0xa03	1
0xa0a	0xa00	0
0xa0a	0xa03	1
0xa14	0xa00	1
0xa14	0xa0a	0
0xa23	0xa1f	1
0xa23	0xa21	0
0xa24	0xa0a	1
0xa24	0xa23	0
0xa25	0xa24	0
0xa2c	0xa2a	0
0xa2c	0x9e7arg0x1	1
0xa2f	0xa2c	0
0xa31	0xa06	0
0xa31	0xa2f	1
0xa41	0xa38	0
0xa41	0xa3d	1
0xa44	0xa06	0
0xa44	0xa41	1
0xa50	0xa4c	0
0xa50	0x9e7arg0x1	1
0xa57	0xa38	0
0xa57	0xa54	1
0xa5a	0xa06	0
0xa5a	0xa4c	1
0xa5e	0x9e7arg0x1	0
0xa6b	0xa5e	0
0xa6b	0xa68	1
0xa76	0xa72	1
0xa76	0xa74	0
0xa77	0xa6b	1
0xa77	0xa76	0
0xa81	0xa7f	0
0xa81	0x9e7arg0x1	1
0xa89	0xa82	1
0xa89	0xa87	0
0xa8f	0xa89	1
0xa8f	0xa8d	0
0xa92	0xa8f	1
0xa92	0xa90	0
0xc6d	0xc6a	0
0xc71	0xc6a	0
0xc75	0xc6d	0
0xc75	0xc71	1
0xc78	0xc75	1
0xc78	0xc76	0
0xd22	0xd1f	0
0xd26	0xd1f	0
0xd2a	0xd22	0
0xd2a	0xd26	1
0xd2d	0xd2a	1
0xd2d	0xd2b	0
0xd53	0xd50	0
0xd57	0xd50	0
0xd5b	0xd53	0
0xd5b	0xd57	1
0xd5e	0xd5b	1
0xd5e	0xd5c	0
0xda5	0xda2	0
0xda9	0xda2	0
0xdad	0xda5	0
0xdad	0xda9	1
0xdb0	0xdad	1
0xdb0	0xdae	0
0x6110x229	0x250	1
0x6110x229	0x2290x609	3
0x6110x229	0x2290x60e	0
0x6110x229	0x2290x608	2
0x464_0x0	0x456	-1
0x464_0x0	0x772V0x45c	-1
0x472_0x0	0x456	-1
0x472_0x0	0x471	-1
0x472_0x0	0x772V0x45c	-1
0x896_0x0	0x888	-1
0x896_0x0	0x772V0x88e	-1
0x8a4_0x0	0x888	-1
0x8a4_0x0	0x8a3	-1
0x8a4_0x0	0x772V0x88e	-1
0x8210x87d	0x87d0x820	0
0x8210x87d	0x87d0x81c	1
0x8200x87d	0x87d0x81d	0
0x81c0x87d	0x87d0x819	0
0x8140x87d	0x8eb	0
0x6080x229	0x2290x605	1
0x6080x229	0x2290x5fb	0
0x92bS0x5d9	0x929V0x5d9	0
0x932S0x5d9	0x92cV0x5d9	1
0x932S0x5d9	0x930V0x5d9	0
0x937S0x5d9	0x92bV0x5d9	1
0x937S0x5d9	0x935V0x5d9	0
0x93cS0x5d9	0x937V0x5d9	1
0x93cS0x5d9	0x93aV0x5d9	0
0x93fS0x5d9	0x937V0x5d9	1
0x93fS0x5d9	0x93cV0x5d9	0
0x948S0x5d9	0x93cV0x5d9	1
0x948S0x5d9	0x946V0x5d9	0
0x953S0x5d9	0x948V0x5d9	1
0x953S0x5d9	0x951V0x5d9	0
0x959S0x5d9	0x957V0x5d9	0
0x95cS0x5d9	0x953V0x5d9	0
0x95cS0x5d9	0x959V0x5d9	1
0x91fS0x5d9	0x5e7	0
0x924S0x5d9	0x208	0
0x924S0x5d9	0x91fV0x5d9	1
0x963S0x5d9	0x5e7	1
0x963S0x5d9	0x961V0x5d9	0
0x966S0x5d9	0x963V0x5d9	0
0x968S0x5d9	0x208	0
0x968S0x5d9	0x966V0x5d9	1
0x977S0x5d9	0x973V0x5d9	1
0x977S0x5d9	0x975V0x5d9	0
0x978S0x5d9	0x208	1
0x978S0x5d9	0x977V0x5d9	0
0x979S0x5d9	0x978V0x5d9	0
0x99aS0x617	0x625	0
0x860S0x69d	0x85cV0x69d	1
0x860S0x69d	0x85eV0x69d	0
0x861S0x69d	0x85aV0x69d	1
0x861S0x69d	0x860V0x69d	0
0x863S0x69d	0x861V0x69d	1
0x863S0x69d	0x69darg0x0	0
0x867S0x69d	0x6ab	2
0x867S0x69d	0x856V0x69d	3
0x867S0x69d	0x863V0x69d	1
0x867S0x69d	0x864V0x69d	0
0x98cS0x833	0x987V0x833	0
0x98cS0x833	0x833arg0x1	1
0x993S0x833	0x982V0x833	0
0x993S0x833	0x990V0x833	1
0x994S0x833	0x993V0x833	0
0x995S0x833	0x994V0x833	0
0x996S0x833	0x995V0x833	0
0x98cS0x99d	0x987V0x99d	0
0x98cS0x99d	0x99darg0x1	1
0x993S0x99d	0x982V0x99d	0
0x993S0x99d	0x990V0x99d	1
0x994S0x99d	0x993V0x99d	0
0x995S0x99d	0x994V0x99d	0
0x996S0x99d	0x995V0x99d	0
0x875S0x706	0x871V0x706	1
0x875S0x706	0x873V0x706	0
0x876S0x706	0x86fV0x706	1
0x876S0x706	0x875V0x706	0
0x878S0x706	0x876V0x706	1
0x878S0x706	0x706arg0x0	0
0x87cS0x706	0x714	2
0x87cS0x706	0x86bV0x706	3
0x87cS0x706	0x878V0x706	1
0x87cS0x706	0x879V0x706	0
0x771S0x45c	0x770V0x45c	0
0x772S0x45c	0x771V0x45c	0
0x771S0x88e	0x770V0x88e	0
0x772S0x88e	0x771V0x88e	0
0x608S0x2c2	0x5fbV0x2c2	0
0x608S0x2c2	0x605V0x2c2	1
0x611S0x2c2	0x2d5	1
0x611S0x2c2	0x608V0x2c2	2
0x611S0x2c2	0x609V0x2c2	3
0x611S0x2c2	0x60eV0x2c2	0
0x608S0x51a	0x5fbV0x51a	0
0x608S0x51a	0x605V0x51a	1
0x611S0x51a	0x52d	1
0x611S0x51a	0x608V0x51a	2
0x611S0x51a	0x609V0x51a	3
0x611S0x51a	0x60eV0x51a	0
0x608S0xdd2	0x5fbV0xdd2	0
0x608S0xdd2	0x605V0xdd2	1
0x611S0xdd2	0x69aV0x37e	1
0x611S0xdd2	0x608V0xdd2	2
0x611S0xdd2	0x609V0xdd2	3
0x611S0xdd2	0x60eV0xdd2	0
0x7a3S0x4d8	0x7a1V0x4d8	0
0x7aaS0x4d8	0x7a4V0x4d8	1
0x7aaS0x4d8	0x7a8V0x4d8	0
0x7afS0x4d8	0x7a3V0x4d8	1
0x7afS0x4d8	0x7adV0x4d8	0
0x7b4S0x4d8	0x7afV0x4d8	1
0x7b4S0x4d8	0x7b2V0x4d8	0
0x7b7S0x4d8	0x7afV0x4d8	1
0x7b7S0x4d8	0x7b4V0x4d8	0
0x7c0S0x4d8	0x7b4V0x4d8	1
0x7c0S0x4d8	0x7beV0x4d8	0
0x7cbS0x4d8	0x7c0V0x4d8	1
0x7cbS0x4d8	0x7c9V0x4d8	0
0x7d1S0x4d8	0x7cfV0x4d8	0
0x7d4S0x4d8	0x7cbV0x4d8	0
0x7d4S0x4d8	0x7d1V0x4d8	1
0x7edS0x4d8	0x7eaV0x4d8	0
0x7f0S0x4d8	0x7eeV0x4d8	0
0x7f4S0x4d8	0x7f1V0x4d8	0
0x7f7S0x4d8	0x7edV0x4d8	0
0x7f7S0x4d8	0x7f4V0x4d8	1
0x7fbS0x4d8	0x7f7V0x4d8	1
0x7fbS0x4d8	0x7f8V0x4d8	0
0x7fcS0x4d8	0x7f0V0x4d8	1
0x7fcS0x4d8	0x7fbV0x4d8	0
0x7ffS0x4d8	0x7fcV0x4d8	1
0x7ffS0x4d8	0x7fdV0x4d8	0
0x8210x775S0x4d8	0x7750x820V0x4d8	0
0x8210x775S0x4d8	0x7750x81cV0x4d8	1
0x8200x775S0x4d8	0x7750x81dV0x4d8	0
0x81c0x775S0x4d8	0x7750x819V0x4d8	0
0x778S0x4d8	0x776V0x4d8	0
0x77dS0x4d8	0x778V0x4d8	0
0x77dS0x4d8	0x779V0x4d8	1
0x780S0x4d8	0x77dV0x4d8	1
0x780S0x4d8	0x77eV0x4d8	0
0x78e_0x0S0x4d8	0x780V0x4d8	-1
0x78e_0x0S0x4d8	0x772V0x786V0x4d8	-1
0x79c_0x0S0x4d8	0x780V0x4d8	-1
0x79c_0x0S0x4d8	0x79bV0x4d8	-1
0x79c_0x0S0x4d8	0x772V0x786V0x4d8	-1
0x7daS0x4d8	0x7d8V0x4d8	0
0x7dfS0x4d8	0x7daV0x4d8	0
0x7dfS0x4d8	0x7dbV0x4d8	1
0x7e2S0x4d8	0x7dfV0x4d8	1
0x7e2S0x4d8	0x7e0V0x4d8	0
0x7e3S0x4d8	0x7e2V0x4d8	0
0x7e5S0x4d8	0x7e3V0x4d8	0
0x797S0x4d8	0x795V0x4d8	0
0x79aS0x4d8	0x797V0x4d8	1
0x79aS0x4d8	0x798V0x4d8	0
0x79bS0x4d8	0x79aV0x4d8	0
0x8140x775S0x4d8	0x7e3V0x4d8	0
0x771S0x786S0x4d8	0x770V0x786V0x4d8	0
0x772S0x786S0x4d8	0x771V0x786V0x4d8	0
0x608S0xe61	0x5fbV0xe61	0
0x608S0xe61	0x605V0xe61	1
0x611S0xe61	0x69aV0x62e	1
0x611S0xe61	0x608V0xe61	2
0x611S0xe61	0x609V0xe61	3
0x611S0xe61	0x60eV0xe61	0
0x2d9	0x2d6	0
0x531	0x52e	0
0xdd6	0xdd3	0
0xe65	0xe62	0
0x39b	0x398	0
0x3f1	0x3ee	0
0x64b	0x648	0
0x6c1	0x6be	0
0x72a	0x727	0
0x463	0x460	0
0x895	0x892	0
0x5f0	0x5ed	0
0x62d	0x62a	0
0x6b4	0x6b1	0
0x71d	0x71a	0
0x847	0x844	0
0x9a8	0x9a5	0
0x70	0x6d	0
0xea	0xe7	0
0x109	0x106	0
0x147	0x144	0
0x173	0x170	0
0x1a1	0x19e	0
0x1e9	0x1e6	0
0x20c	0x209	0
0x254	0x251	0
0x270	0x26d	0
0x28d	0x28a	0
0x2b9	0x2b6	0
0x2c1	0x2be	0
0x368	0xba	0
0x37d	0xee	0
0x519	0x175	0
0x5d8	0x1a3	0
0x616	0x26a	0
0x698	0x2bb	0
0x9de	0x9db	0
0x9e6	0x9e3	0
0xaa2	0xa9f	0
0xaac	0xaa9	0
0xe41	0x272	0
0x5f90x1ea	0x1eb	0
0x5f90x229	0x22a	0
0xdf90x11c	0x11d	0
0xe1c0x148	0x149	0
0xe1c0x28e	0x28f	0
0xb	0x7	1
0xb	0x8	0
0x2a	0x26	1
0x2a	0x27	0
0xca	0xc6	1
0xca	0xc7	0
0xfe	0xfa	1
0xfe	0xfb	0
0x12d	0x129	1
0x12d	0x12a	0
0x159	0x155	1
0x159	0x156	0
0x185	0x181	1
0x185	0x182	0
0x1b3	0x1af	1
0x1b3	0x1b0	0
0x1fb	0x1f7	1
0x1fb	0x1f8	0
0x23a	0x236	1
0x23a	0x237	0
0x282	0x27e	1
0x282	0x27f	0
0x29f	0x29b	1
0x29f	0x29c	0
0x2de	0x2db	0
0x2de	0x611_0x0V0x2c2	1
0x3a5	0x3a2	0
0x3a5	0x611_0x0V0xdd2	1
0x40a	0x406	1
0x40a	0x407	0
0x45b	0x456	1
0x45b	0x458	0
0x469	0x466	0
0x469	0x464_0x0	1
0x476	0x473	0
0x476	0x472_0x0	1
0x4bf	0x4bb	1
0x4bf	0x4bc	0
0x509	0x505	1
0x509	0x506	0
0x536	0x533	0
0x536	0x611_0x0V0x51a	1
0x650	0x64d	0
0x650	0x611_0x0V0xe61	1
0x6ba	0x6b6	1
0x6ba	0x6b7	0
0x723	0x71f	1
0x723	0x720	0
0x88d	0x888	1
0x88d	0x88a	0
0x89b	0x898	0
0x89b	0x896_0x0	1
0x8a8	0x8a5	0
0x8a8	0x8a4_0x0	1
0x8f1	0x8ed	1
0x8f1	0x8ee	0
0x90f	0x90b	1
0x90f	0x90c	0
0x9ad	0x9aa	0
0x9ad	0x996V0x99d	1
0x9fe	0x9fa	1
0x9fe	0x9fb	0
0xa18	0xa14	1
0xa18	0xa15	0
0xa35	0xa31	1
0xa35	0xa32	0
0xa65	0xa5e	1
0xa65	0xa62	0
0xfaa	0x15	1
0xfaa	0xfa9	0
0xfac	0x31	1
0xfac	0xfab	0
0xfae	0x3c	1
0xfae	0xfad	0
0xfb0	0x47	1
0xfb0	0xfaf	0
0xfb2	0x52	1
0xfb2	0xfb1	0
0xfb4	0x5d	1
0xfb4	0xfb3	0
0xfb6	0x68	1
0xfb6	0xfb5	0
0xfb8	0x78	1
0xfb8	0xfb7	0
0xfba	0x83	1
0xfba	0xfb9	0
0xfbc	0x8e	1
0xfbc	0xfbb	0
0xfbe	0x99	1
0xfbe	0xfbd	0
0xfc0	0xa4	1
0xfc0	0xfbf	0
0xfc2	0xaf	1
0xfc2	0xfc1	0
0x8180x87d	0x87d0x815	0
0x8180x87d	0x87d0x814	1
0x228	0x21f	0
0x228	0x226	1
0x268	0x25f	0
0x268	0x266	1
0xc7a	0xc71	0
0xc7a	0xc78	1
0xd2f	0xd26	0
0xd2f	0xd2d	1
0xd60	0xd57	0
0xd60	0xd5e	1
0xdb2	0xda9	0
0xdb2	0xdb0	1
0xb8	0xb5	0
0xb8	0xb5	1
0xce	0xcb	0
0xce	0xcb	1
0x102	0xff	0
0x102	0xff	1
0x131	0x12e	0
0x131	0x12e	1
0x15d	0x15a	0
0x15d	0x15a	1
0x189	0x186	0
0x189	0x186	1
0x1b7	0x1b4	0
0x1b7	0x1b4	1
0x1ff	0x1fc	0
0x1ff	0x1fc	1
0x23e	0x23b	0
0x23e	0x23b	1
0x286	0x283	0
0x286	0x283	1
0x2a3	0x2a0	0
0x2a3	0x2a0	1
0x318	0x30f	0
0x318	0x316	1
0x3db	0x3d6	0
0x3db	0x3d9	1
0x440	0x43b	0
0x440	0x43e	1
0x4ac	0x4a7	0
0x4ac	0x4aa	1
0x570	0x567	0
0x570	0x56e	1
0x686	0x681	0
0x686	0x684	1
0x8de	0x8d9	0
0x8de	0x8dc	1
0xc04	0xc01	0
0xc04	0xc01	1
0xc28	0xc25	0
0xc28	0xc25	1
0x3cd	0x3c5	0
0x3cd	0x3c7	1
0x3cd	0x3ca	2
0x432	0x42a	0
0x432	0x42c	1
0x432	0x42f	2
0x49e	0x496	0
0x49e	0x498	1
0x49e	0x49b	2
0x678	0x670	0
0x678	0x672	1
0x678	0x675	2
0x8d0	0x8c8	0
0x8d0	0x8ca	1
0x8d0	0x8cd	2
0x21e	0x211	0
0x21e	0x21c	1
0x25e	0x259	0
0x25e	0x25c	1
0x2d4	0x2c6	0
0x2d4	0x2c9	1
0x2eb	0x2e2	0
0x2eb	0x2e9	1
0x2f2	0x2ec	1
0x2f2	0x2f1	0
0x2f9	0x2f3	1
0x2f9	0x2f8	0
0x30d	0x308	1
0x30d	0x30c	0
0x34f	0xe1	1
0x34f	0x34b	0
0x355	0xe6	1
0x355	0x352	0
0x36e	0x105	1
0x36e	0x36a	0
0x373	0x36f	1
0x373	0x371	0
0x383	0x135	1
0x383	0x37f	0
0x388	0x384	1
0x388	0x386	0
0x3b1	0x3a8	0
0x3b1	0x3af	1
0x3be	0x3b4	0
0x3be	0x3bc	1
0x3c2	0x3b9	0
0x3c2	0x3bf	1
0x416	0x40d	0
0x416	0x414	1
0x423	0x419	0
0x423	0x421	1
0x427	0x41e	0
0x427	0x424	1
0x482	0x479	0
0x482	0x480	1
0x48f	0x485	0
0x48f	0x48d	1
0x493	0x48a	0
0x493	0x490	1
0x4fd	0x4ef	0
0x4fd	0x4f2	1
0x52c	0x51e	0
0x52c	0x521	1
0x543	0x53a	0
0x543	0x541	1
0x54a	0x544	1
0x54a	0x549	0
0x551	0x54b	1
0x551	0x550	0
0x565	0x560	1
0x565	0x564	0
0x582	0x575	0
0x582	0x580	1
0x589	0x1d4	1
0x589	0x586	0
0x58f	0x1da	1
0x58f	0x58c	0
0x596	0x1e0	1
0x596	0x593	0
0x59d	0x1e5	1
0x59d	0x59a	0
0x5de	0x203	1
0x5de	0x5da	0
0x5e3	0x5df	1
0x5e3	0x5e1	0
0x61c	0x289	1
0x61c	0x618	0
0x621	0x61d	1
0x621	0x61f	0
0x633	0x2a7	1
0x633	0x62f	0
0x638	0x634	1
0x638	0x636	0
0x65c	0x653	0
0x65c	0x65a	1
0x669	0x65f	0
0x669	0x667	1
0x66d	0x664	0
0x66d	0x66a	1
0x696	0x688	0
0x696	0x68b	1
0x6a2	0x69e	0
0x6a2	0x69darg0x1	1
0x6a7	0x6a3	1
0x6a7	0x6a5	0
0x70b	0x707	0
0x70b	0x706arg0x1	1
0x710	0x70c	1
0x710	0x70e	0
0x8b4	0x8ab	0
0x8b4	0x8b2	1
0x8c1	0x8b7	0
0x8c1	0x8bf	1
0x8c5	0x8bc	0
0x8c5	0x8c2	1
0x9bc	0x9b8	0
0x9bc	0x99darg0x1	1
0x9cc	0x9b8	0
0x9cc	0x99darg0x0	1
0x9d2	0x9bd	0
0x9d2	0x9cf	1
0x9ec	0x9e8	0
0x9ec	0x9e7arg0x0	1
0x9f3	0x9f0	1
0x9f3	0x9f1	0
0xa1e	0xa1c	0
0xa1e	0x9e7arg0x1	1
0xa3c	0xa2c	1
0xa3c	0xa38	0
0xa4b	0xa25	1
0xa4b	0xa38	0
0xa53	0xa3d	0
0xa53	0xa50	1
0xa71	0xa6f	0
0xa71	0x9e7arg0x1	1
0xa86	0xa82	0
0xa86	0x9e7arg0x0	1
0xa8c	0xa81	1
0xa8c	0xa89	0
0xc70	0x37b	1
0xc70	0xc6d	0
0xd25	0x613	1
0xd25	0xd22	0
0xd56	0xd53	0
0xd56	0x99aV0x617	1
0xda8	0xda5	0
0xda8	0xffa	1
0x5ff0x229	0x242	1
0x5ff0x229	0x2290x5fb	0
0x6040x229	0x2290x602	0
0x6040x229	0x2290x600	1
0x4d7	0x4c0	0
0x4d7	0x4d5	1
0x514	0x50a	0
0x514	0x512	1
0x909	0x8f2	0
0x909	0x907	1
0x91a	0x910	0
0x91a	0x918	1
0x9b7	0x9b5	1
0x9b7	0x99darg0x1	0
0x9c7	0x9c4	0
0x9c7	0x99darg0x0	1
0x9da	0x9c9	1
0x9da	0x9d6	0
0xa48	0xa25	1
0xa48	0xa44	0
0xa5c	0xa57	0
0xa5c	0xa5a	1
0xa7b	0xa77	0
0xa7b	0xa78	1
0xa7d	0xa6b	1
0xa7d	0x9e7arg0x1	0
0xa96	0xa92	0
0xa96	0xa93	1
0x8230x87d	0x87d0x821	1
0x8230x87d	0x87d0x819	0
0x364	0x31a	5
0x364	0x31b	4
0x364	0x325	3
0x364	0x326	2
0x364	0x35f	0
0x364	0x362	1
0x5d1	0x59f	0
0x5d1	0x5a0	5
0x5d1	0x5a2	4
0x5d1	0x5a6	3
0x5d1	0x5a8	2
0x5d1	0x5cf	1
0x702	0x6cb	5
0x702	0x6d5	4
0x702	0x6d7	2
0x702	0x6fd	0
0x702	0x700	1
0x702	0x69darg0x1	3
0x76b	0x734	5
0x76b	0x73e	4
0x76b	0x740	2
0x76b	0x766	0
0x76b	0x769	1
0x76b	0x706arg0x1	3
0x4df	0x4d9	1
0x4df	0x4dc	0
0x4ea	0x197	1
0x4ea	0x4e1	3
0x4ea	0x4e4	2
0x4ea	0x4e7	0
0x502	0x19d	1
0x502	0x4ec	3
0x502	0x4ff	0
0x502	0xff0	2
0xfc5	0xfc4	0
0xfc8	0xfc7	0
0xfcb	0xfca	0
0xfce	0xfcd	0
0xfd1	0xfd0	0
0xfd4	0xfd3	0
0xfd7	0xfd6	0
0xfda	0xfd9	0
0xfdd	0xfdc	0
0xfe0	0xfdf	0
0xfe3	0xfe2	0
0xfe6	0xfe5	0
0xffd	0xffc	0
0x3e50x11c	0x135	2
0x3e50x11c	0x143	1
0x3e50x11c	0x11c0x3dd	3
0x3e50x11c	0x11c0x3e2	0
0x44a0x148	0x161	2
0x44a0x148	0x16f	1
0x44a0x148	0x1480x442	3
0x44a0x148	0x1480x447	0
0x44a0x28e	0x2a7	2
0x44a0x28e	0x2b5	1
0x44a0x28e	0x28e0x442	3
0x44a0x28e	0x28e0x447	0
0x705	0x69darg0x2	0
0x76e	0x706arg0x2	0
0x91c	0x87darg0x0	0
0xe88	0x69darg0x2	0
0xeab	0x706arg0x2	0
0xf14	0x87darg0x0	0
0xf39	0x9b1	1
0xf39	0x99darg0x2	0
0xf5e	0x9e1	1
0xf5e	0x99darg0x2	0
0xf83	0xa97	1
0xf83	0x9e7arg0x2	0
0xfa8	0xaa4	1
0xfa8	0x9e7arg0x2	0
0x5f90x833	0x996V0x833	1
0x5f90x833	0x833arg0x2	0
0x8260x87d	0x87darg0x0	0
0xecd0x87d	0x87darg0x0	0
0x69cS0x6bb	0x6bb	0
0x69cS0x724	0x724	0
0x69cS0x37e	0x395	0
0x69cS0x3ea	0x3eb	0
0x95eS0x5d9	0x959V0x5d9	0
0x95eS0x5d9	0x95cV0x5d9	1
0x950S0x5d9	0x948V0x5d9	0
0x950S0x5d9	0x94aV0x5d9	1
0x950S0x5d9	0x94dV0x5d9	2
0x934S0x5d9	0x92bV0x5d9	0
0x934S0x5d9	0x932V0x5d9	1
0x941S0x5d9	0x937V0x5d9	0
0x941S0x5d9	0x93fV0x5d9	1
0x945S0x5d9	0x93cV0x5d9	0
0x945S0x5d9	0x942V0x5d9	1
0x832S0x5d9	0x82fV0x5d9	0
0x928S0x5d9	0x924V0x5d9	1
0x928S0x5d9	0x925V0x5d9	0
0x96cS0x5d9	0x968V0x5d9	1
0x96cS0x5d9	0x969V0x5d9	0
0x980S0x5d9	0x82aV0x5d9	0
0x972S0x5d9	0x963V0x5d9	1
0x972S0x5d9	0x970V0x5d9	0
0x5f90x827S0x5d9	0x5e8	0
0x852S0x617	0x84fV0x617	0
0xef2S0x617	0x626	0
0x99cS0x617	0x84bV0x617	0
0x69cS0x62e	0x645	0
0x5f90x853S0x69d	0x6ac	0
0x3e5S0x4e0	0x197	1
0x3e5S0x4e0	0x4e4	2
0x3e5S0x4e0	0x3ddV0x4e0	3
0x3e5S0x4e0	0x3e2V0x4e0	0
0xdf90x3dcS0x4e0	0x4e1	0
0x3e5S0x4eb	0x19d	1
0x3e5S0x4eb	0xff0	2
0x3e5S0x4eb	0x3ddV0x4eb	3
0x3e5S0x4eb	0x3e2V0x4eb	0
0xdf90x3dcS0x4eb	0x4ec	0
0x986S0x833	0x843	1
0x986S0x833	0x982V0x833	0
0x98fS0x833	0x98cV0x833	1
0x98fS0x833	0x98dV0x833	0
0x998S0x833	0x836	0
0x986S0x99d	0x982V0x99d	0
0x986S0x99d	0x99darg0x0	1
0x98fS0x99d	0x98cV0x99d	1
0x98fS0x99d	0x98dV0x99d	0
0x998S0x99d	0x9a0	0
0x5f90x868S0x706	0x715	0
0x774S0x45c	0x45d	0
0x774S0x88e	0x88f	0
0x5ffS0x2c2	0xfeb	1
0x5ffS0x2c2	0x5fbV0x2c2	0
0x604S0x2c2	0x600V0x2c2	1
0x604S0x2c2	0x602V0x2c2	0
0x5f90x5faS0x2c2	0x2c3	0
0x5ffS0x51a	0xff5	1
0x5ffS0x51a	0x5fbV0x51a	0
0x604S0x51a	0x600V0x51a	1
0x604S0x51a	0x602V0x51a	0
0x5f90x5faS0x51a	0x51b	0
0x5ffS0xdd2	0x390	1
0x5ffS0xdd2	0x5fbV0xdd2	0
0x604S0xdd2	0x600V0xdd2	1
0x604S0xdd2	0x602V0xdd2	0
0x5f90x5faS0xdd2	0x391	0
0x7d6S0x4d8	0x7d1V0x4d8	0
0x7d6S0x4d8	0x7d4V0x4d8	1
0x7c8S0x4d8	0x7c0V0x4d8	0
0x7c8S0x4d8	0x7c2V0x4d8	1
0x7c8S0x4d8	0x7c5V0x4d8	2
0x7acS0x4d8	0x7a3V0x4d8	0
0x7acS0x4d8	0x7aaV0x4d8	1
0x7b9S0x4d8	0x7afV0x4d8	0
0x7b9S0x4d8	0x7b7V0x4d8	1
0x7bdS0x4d8	0x7b4V0x4d8	0
0x7bdS0x4d8	0x7baV0x4d8	1
0x801S0x4d8	0x7eaV0x4d8	0
0x801S0x4d8	0x7ffV0x4d8	1
0x8230x775S0x4d8	0x7750x821V0x4d8	1
0x8230x775S0x4d8	0x7750x819V0x4d8	0
0x785S0x4d8	0x780V0x4d8	1
0x785S0x4d8	0x782V0x4d8	0
0x793S0x4d8	0x790V0x4d8	0
0x793S0x4d8	0x78e_0x0V0x4d8	1
0x7a0S0x4d8	0x79dV0x4d8	0
0x7a0S0x4d8	0x79c_0x0V0x4d8	1
0x7e9S0x4d8	0x7e5V0x4d8	1
0x7e9S0x4d8	0x7e6V0x4d8	0
0x809S0x4d8	0x803V0x4d8	1
0x809S0x4d8	0x806V0x4d8	0
0x811S0x4d8	0x80bV0x4d8	1
0x811S0x4d8	0x80eV0x4d8	0
0x78dS0x4d8	0x78aV0x4d8	0
0x8180x775S0x4d8	0x7750x815V0x4d8	0
0x8180x775S0x4d8	0x7750x814V0x4d8	1
0x8260x775S0x4d8	0x4d9	0
0xecd0x775S0x4d8	0x4d9	0
0x774S0x786S0x4d8	0x787V0x4d8	0
0x5ffS0xe61	0x640	1
0x5ffS0xe61	0x5fbV0xe61	0
0x604S0xe61	0x600V0xe61	1
0x604S0xe61	0x602V0xe61	0
0x5f90x5faS0xe61	0x641	0
