0x0	0x0
0xd	0xd
0x4a	0x4a
0x8c	0x8c
0xa3	0xa3
0xc9	0xc9
0xf4	0xf4
0x106	0x106
0x128	0x128
0x13f	0x13f
0x170	0x170
0x187	0x187
0x1ad	0x1ad
0x1e1	0x1e1
0x1f3	0x1f3
0x215	0x215
0x26c	0x26c
0x297	0x297
0x2a9	0x2a9
0x2cb	0x2cb
0x318	0x318
0x361	0x361
0x39b	0x39b
0x3df	0x3df
0x40f	0x40f
0x44a	0x44a
0x485	0x485
0x493	0x493
0x536	0x536
0x599	0x599
0x707	0x707
0x730	0x730
0x84e	0x84e
0xc65	0xc65
0x5bc0x25a	0x5bc0x25a
0x5bc0x5a3	0x5bc0x5a3
0x61f0x25a	0x61f0x25a
0x61f0x5a3	0x61f0x5a3
0x6310x25a	0x6310x25a
0x6310x5a3	0x6310x5a3
0x6ab0x25a	0x6ab0x25a
0x6ab0x5a3	0x6ab0x5a3
0x6db0x25a	0x6db0x25a
0x6db0x5a3	0x6db0x5a3
0x7ae0x0	0x7ae0x0
0x7ae0x84	0x7ae0x84
0x7ae0xb7	0x7ae0xb7
0x7ae0x168	0x7ae0x168
0x7ae0x426	0x7ae0x426
0x7ae0x6e3	0x7ae0x6e3
