0x40	0x3f
0x0	0x0
0x3f	0x3f
0x1f	0x1e
0x4	0x0
0xf	0xd
0x2	0x0
0x5	0x0
0x7	0x0
0x8	0x0
0x9	0x0
0xd	0xd
0x10	0xd
0x12	0xd
0x14	0xd
0x19	0xd
0x24	0x1e
0x2a	0x29
0x2f	0x29
0x35	0x34
0x3a	0x34
0x45	0x3f
0x4a	0x4a
0x4f	0x4e
0x50	0x4e
0x54	0xc0c
0x57	0xc0c
0x5e	0x5d
0x61	0x5d
0x66	0x65
0x68	0x65
0x69	0x65
0x6d	0x6d
0x73	0x71
0x76	0x71
0x79	0x71
0x7a	0x71
0x7c	0x71
0x81	0x80
0x86	0x85
0x89	0x85
0x8c	0x85
0x8d	0x85
0x8f	0x85
0x94	0x93
0x99	0x98
0x9b	0x98
0x9c	0x98
0xa0	0xa0
0xa6	0xa4
0xa9	0xa4
0xca	0xc9
0xcc	0xc9
0xcd	0xc9
0xd1	0xd1
0xd7	0xd5
0xda	0xd5
0xdd	0xd5
0xde	0xd5
0xe0	0xd5
0xe5	0xe4
0xea	0xe9
0xec	0xe9
0xed	0xe9
0xf1	0xf1
0xf7	0xf5
0xfa	0xf5
0x1db	0x1da
0x1dd	0x1da
0x1e0	0x1da
0x1e5	0x1e4
0x1e7	0x1e4
0x1e9	0x1e4
0x1eb	0x1e4
0x1ec	0x1e4
0x1ed	0x1e4
0x1ee	0x1e4
0x1ef	0x1e4
0x1f1	0x1e4
0x1f3	0x1e4
0x1f5	0x1e4
0x1f6	0x1e4
0x1f7	0x1e4
0x1f8	0x1e4
0x1f9	0x1e4
0x1fa	0x1e4
0x1fe	0x1fe
0x201	0x1fe
0x242	0x241
0x244	0x241
0x247	0x241
0x24c	0x24b
0x24e	0x24b
0x250	0x24b
0x252	0x24b
0x253	0x24b
0x254	0x24b
0x255	0x24b
0x256	0x24b
0x258	0x24b
0x25a	0x24b
0x25c	0x24b
0x25d	0x24b
0x25e	0x24b
0x25f	0x24b
0x260	0x24b
0x261	0x24b
0x265	0x265
0x268	0x265
0x2a3	0x2a2
0x2a6	0x2a2
0x2ab	0x2aa
0x2ad	0x2aa
0x2af	0x2aa
0x2b1	0x2aa
0x2b2	0x2aa
0x2b3	0x2aa
0x2b4	0x2aa
0x2b5	0x2aa
0x2b7	0x2aa
0x2b9	0x2aa
0x2bb	0x2aa
0x2bc	0x2aa
0x2bd	0x2aa
0x2be	0x2aa
0x2bf	0x2aa
0x2c0	0x2aa
0x2c4	0x2c4
0x2c6	0x2c4
0x2c7	0x2c4
0x2cb	0x2c4
0x2cd	0x2c4
0x2d0	0x2c4
0x2d2	0x2c4
0x2d5	0x2c4
0x2d7	0x2c4
0x2d9	0x2c4
0x2dc	0x2c4
0x2de	0x2c4
0x2ff	0x2c4
0x302	0x2c4
0x304	0x2c4
0x325	0x2c4
0x328	0x2c4
0x32a	0x2c4
0x32d	0x2c4
0x32f	0x2c4
0x330	0x2c4
0x333	0x2c4
0x335	0x2c4
0x337	0x2c4
0x342	0x341
0x347	0x346
0x349	0x346
0x34c	0x346
0x3ad	0x3ac
0x3b1	0x3ac
0x3b6	0x3b5
0x3b9	0x3b5
0x3ba	0x3b5
0x3bc	0x3b5
0x3c3	0x3c2
0x3c4	0x3c2
0x3c8	0x3c8
0x3cd	0x3c8
0x52f	0x52e
0x533	0x52e
0x538	0x537
0x53a	0x537
0x53b	0x537
0x53d	0x537
0x53f	0x537
0x541	0x537
0x542	0x537
0x544	0x537
0x546	0x537
0x568	0x537
0x714	0x713
0x717	0x713
0x719	0x713
0x71d	0x713
0x71e	0x713
0x71f	0x713
0x720	0x713
0x728	0x727
0x72c	0x727
0x733	0x730
0x736	0x730
0x737	0x730
0x738	0x730
0x743	0x730
0x744	0x730
0x745	0x730
0x74f	0x74c
0x753	0x74c
0x756	0x74c
0x757	0x74c
0x758	0x74c
0x761	0x75f
0x764	0x75f
0x765	0x75f
0x766	0x75f
0x76f	0x76d
0x773	0x76d
0x774	0x76d
0x775	0x76d
0x776	0x76d
0x777	0x76d
0x77f	0x77e
0x782	0x77e
0x975	0x974
0x977	0x974
0x978	0x974
0x97a	0x974
0x97c	0x974
0x97e	0x974
0x97f	0x974
0x982	0x974
0x985	0x974
0x987	0x974
0x988	0x974
0x98a	0x974
0x98d	0x974
0x9d1	0x9d0
0x9d3	0x9d0
0x9d4	0x9d0
0x9d6	0x9d0
0x9d8	0x9d0
0x9da	0x9d0
0x9db	0x9d0
0x9de	0x9d0
0x9e1	0x9d0
0x9e3	0x9d0
0x9e4	0x9d0
0x9e6	0x9d0
0x9e9	0x9d0
0xac	0xa4
0xfd	0xf5
0x204	0x1fe
0x3d0	0x3c8
0x7f	0x71
0xe3	0xd5
0x1e3	0x1da
0x24a	0x241
0x26b	0x265
0x2a9	0x2a2
0x34f	0x346
0x72f	0x727
0x4d	0x4a
0x5a	0xc0c
0x64	0x5d
0x92	0x85
0x345	0x341
0x3b4	0x3ac
0x56d	0x537
0x790	0x77e
0x933	0x932
0x954	0x953
0x9b0	0x9af
0xc	0x0
0x53	0x4e
0x6c	0x65
0x9f	0x98
0xd0	0xc9
0xf0	0xe9
0x1fd	0x1e4
0x264	0x24b
0x2c3	0x2aa
0x3bf	0x3b5
0x3c7	0x3c2
0x723	0x713
0x748	0x730
0x75b	0x74c
0x769	0x75f
0x77a	0x76d
0x98f	0x974
0x9eb	0x9d0
0x70	0x6d
0xa3	0xa0
0xd4	0xd1
0xf4	0xf1
0x726	0x724
0x74b	0x749
0x75e	0x75c
0x76c	0x76a
0x77d	0x77b
0x2cf	0x2c4
0x2d6	0x2c4
0x2dd	0x2c4
0x303	0x2c4
0x329	0x2c4
0x334	0x2c4
0x984	0x974
0x9e0	0x9d0
0x56b	0x537
0x84	0x80
0x97	0x93
0xe8	0xe4
0x536	0x52e
0x354	0x350
0xb23	0xb22
0xb47	0xb43
0xb6c	0xb67
0x80	0x80
0x4e	0x4e
0x5d	0x5d
0xfe	0xfe0x0
0xfe	0xfe0x1da
0xfe	0xfe0x241
0xfe	0xfe0xc0c
0xfe	0xfe0x118B0x80
0xfe	0xfe0x164B0x93
0xfe	0xfe0x217B0xe4
0x71	0x71
0x932	0x932
0x6f9	0x6f9B0x71
0x6f9	0x6f9B0xd5
0x118	0x118B0x80
0x953	0x953
0x93	0x93
0x713	0x713
0x164	0x164B0x93
0xa4	0xa4
0x974	0x974
0x1da	0x1da
0xd5	0xd5
0x9af	0x9af
0xe4	0xe4
0x217	0x217B0xe4
0xf5	0xf5
0x9d0	0x9d0
0x241	0x241
0x1e4	0x1e4
0x379	0x379B0x265
0x379	0x379B0x1da
0x379	0x379B0x241
0x379	0x379B0x2a2
0x379	0x379B0x118B0x80
0x379	0x379B0x164B0x93
0x379	0x379B0x217B0xe4
0x379	0x379B0x3d7B0x239B0xe4
0x20c	0x20c0x1da
0x20c	0x20c0x241
0x205	0x2050x1da
0x205	0x2050x241
0x346	0x346
0x24b	0x24b
0x2aa	0x2aa
0x341	0x341
0xb22	0xb22
0x350	0x350
0x506	0x506B0x346
0x3b5	0x3b5
0x52e	0x52e
0x3c2	0x3c2
0xb43	0xb43
0xb67	0xb67
0x26c	0x26cB0x3c8
0x537	0x537
0x650	0x650B0x52e
0x727	0x727
0x730	0x730
0x6e2	0x6e2B0x727
0x6e2	0x6e2B0x70aB0x71
0x6e2	0x6e2B0x70aB0xd5
0x74c	0x74c
0x75f	0x75f
0x76d	0x76d
0x77e	0x77e
0x65	0x65
0x85	0x85
0x98	0x98
0xc9	0xc9
0xe9	0xe9
0x374	0x3740x0
0x374	0x3740x1da
0x374	0x3740x241
0x374	0x3740xc0c
0x374	0x3740x118B0x80
0x374	0x3740x164B0x93
0x374	0x3740x217B0xe4
0xab8	0xab80x1da
0xab8	0xab80x241
0x355	0x3550x0
0x355	0x3550x1da
0x355	0x3550x241
0x355	0x3550xc0c
0x355	0x3550x118B0x80
0x355	0x3550x164B0x93
0x355	0x3550x217B0xe4
0x111	0x1110x0
0x111	0x1110x1da
0x111	0x1110x241
0x111	0x1110xc0c
0x111	0x1110x118B0x80
0x111	0x1110x164B0x93
0x111	0x1110x217B0xe4
0x106	0x1060x0
0x106	0x1060x1da
0x106	0x1060x241
0x106	0x1060xc0c
0x106	0x1060x118B0x80
0x106	0x1060x164B0x93
0x106	0x1060x217B0xe4
0x2a2	0x2a2
0x39d	0x39d0x379B0x265
0x39d	0x39d0x379B0x1da
0x39d	0x39d0x379B0x241
0x39d	0x39d0x506B0x346
0x39d	0x39d0x379B0x2a2
0x39d	0x39d0x379B0x118B0x80
0x39d	0x39d0x379B0x164B0x93
0x39d	0x39d0x379B0x217B0xe4
0x39d	0x39d0x379B0x3d7B0x239B0xe4
0x29d	0x29d0x6e2B0x727
0x29d	0x29d0x6e2B0x70aB0x71
0x29d	0x29d0x6e2B0x70aB0xd5
0x29d	0x29d0x298B0x650B0x52e
0x29d	0x29d0x298B0x42bB0x26cB0x3c8
0x154	0x1540x118B0x80
0x154	0x1540x217B0xe4
0x3ac	0x3ac
0x120	0x120B0x80
0x159	0x1590x118B0x80
0x159	0x1590x217B0xe4
0xa2c	0xa2c0x118B0x80
0xa2c	0xa2c0x217B0xe4
0x70a	0x70aB0x71
0x70a	0x70aB0xd5
0xbd4	0xbd4B0x71
0xbd4	0xbd4B0xd5
0x1c8	0x1c8B0x93
0x16c	0x16cB0x93
0x1cd	0x1cdB0x93
0xa70	0xa70B0x93
0x9a	0x98
0x8c8	0x8c8B0x52e
0x659	0x659B0x52e
0x298	0x298B0x650B0x52e
0x298	0x298B0x42bB0x26cB0x3c8
0x6bb	0x6bbB0x52e
0x5f6	0x5f60x650B0x52e
0x5f6	0x5f60x56eB0x400B0x239B0xe4
0x3d7	0x3d7B0x239B0xe4
0x21f	0x21fB0xe4
0x400	0x400B0x239B0xe4
0xb8c	0xb8cB0x239B0xe4
0x56e	0x56eB0x400B0x239B0xe4
0x8a0	0x8a0B0x400B0x239B0xe4
0x5d3	0x5d3B0x400B0x239B0xe4
0xafc	0xafcB0x3c8
0x42b	0x42bB0x26cB0x3c8
0x878	0x878B0x26cB0x3c8
0x4ec	0x4ecB0x26cB0x3c8
0x436	0x436B0x26cB0x3c8
0x491	0x491B0x26cB0x3c8
0x4ac	0x4acB0x26cB0x3c8
0x791	0x791B0x26cB0x3c8
0x4e7	0x4e7B0x26cB0x3c8
0x7a3	0x7a3B0x26cB0x3c8
0x7e0	0x7e0B0x791B0x26cB0x3c8
0x7e0	0x7e0B0x7adB0x4ecB0x26cB0x3c8
0x4fc	0x4fcB0x26cB0x3c8
0x617	0x617B0x4ecB0x26cB0x3c8
0xbfa	0xbfaB0x791B0x26cB0x3c8
0xbfa	0xbfaB0x7adB0x4ecB0x26cB0x3c8
0x7fb	0x7fbB0x791B0x26cB0x3c8
0x7fb	0x7fbB0x7adB0x4ecB0x26cB0x3c8
0x7e3	0x7e3B0x791B0x26cB0x3c8
0x7e3	0x7e3B0x7adB0x4ecB0x26cB0x3c8
0x626	0x626B0x4ecB0x26cB0x3c8
0x636	0x636B0x4ecB0x26cB0x3c8
0x338	0x3380x2a2
0x338	0x3380x617B0x4ecB0x26cB0x3c8
0x7ad	0x7adB0x4ecB0x26cB0x3c8
0x7cc	0x7ccB0x4ecB0x26cB0x3c8
0x46	0x3f
0xbae	0xbaeB0x4ecB0x26cB0x3c8
0x1e	0x1e
0x29	0x29
0x34	0x34
0x724	0x724
0x749	0x749
0x75c	0x75c
0x76a	0x76a
0x77b	0x77b
0x3c0	0x3c0
0xff	0xfe0x0
0xff	0xfe0x1da
0xff	0xfe0x241
0xff	0xfe0xc0c
0xff	0xfe0x118B0x80
0xff	0xfe0x164B0x93
0xff	0xfe0x217B0xe4
0x3ff	0x3d7B0x239B0xe4
0x7ff	0x7fbB0x791B0x26cB0x3c8
0x7ff	0x7fbB0x7adB0x4ecB0x26cB0x3c8
0x26d	0x26cB0x3c8
0x26f	0x26cB0x3c8
0x274	0x26cB0x3c8
0x276	0x26cB0x3c8
0x278	0x26cB0x3c8
0x27a	0x26cB0x3c8
0x27b	0x26cB0x3c8
0x27f	0x26cB0x3c8
0x283	0x26cB0x3c8
0x285	0x26cB0x3c8
0x286	0x26cB0x3c8
0x289	0x26cB0x3c8
0x28d	0x26cB0x3c8
0x290	0x26cB0x3c8
0x28c	0x26cB0x3c8
0x27d	0x26cB0x3c8
0x282	0x26cB0x3c8
0xb02	0xafcB0x3c8
0x218	0x217B0xe4
0x21b	0x217B0xe4
0x220	0x21fB0xe4
0x222	0x21fB0xe4
0x224	0x21fB0xe4
0x226	0x21fB0xe4
0x227	0x21fB0xe4
0x228	0x21fB0xe4
0x229	0x21fB0xe4
0x22a	0x21fB0xe4
0x22c	0x21fB0xe4
0x22e	0x21fB0xe4
0x230	0x21fB0xe4
0x231	0x21fB0xe4
0x232	0x21fB0xe4
0x233	0x21fB0xe4
0x234	0x21fB0xe4
0x235	0x21fB0xe4
0x239	0x239B0xe4
0x23d	0x239B0xe4
0x42c	0x42bB0x26cB0x3c8
0x42e	0x42bB0x26cB0x3c8
0x432	0x42bB0x26cB0x3c8
0x437	0x436B0x26cB0x3c8
0x43b	0x43bB0x26cB0x3c8
0x43d	0x43bB0x26cB0x3c8
0x43e	0x43bB0x26cB0x3c8
0x442	0x43bB0x26cB0x3c8
0x444	0x43bB0x26cB0x3c8
0x447	0x43bB0x26cB0x3c8
0x449	0x43bB0x26cB0x3c8
0x44c	0x43bB0x26cB0x3c8
0x44e	0x43bB0x26cB0x3c8
0x450	0x43bB0x26cB0x3c8
0x453	0x43bB0x26cB0x3c8
0x455	0x43bB0x26cB0x3c8
0x476	0x43bB0x26cB0x3c8
0x479	0x43bB0x26cB0x3c8
0x47b	0x43bB0x26cB0x3c8
0x482	0x43bB0x26cB0x3c8
0x484	0x43bB0x26cB0x3c8
0x485	0x43bB0x26cB0x3c8
0x488	0x43bB0x26cB0x3c8
0x48a	0x43bB0x26cB0x3c8
0x48c	0x43bB0x26cB0x3c8
0x48d	0x43bB0x26cB0x3c8
0x492	0x491B0x26cB0x3c8
0x496	0x491B0x26cB0x3c8
0x498	0x491B0x26cB0x3c8
0x49a	0x491B0x26cB0x3c8
0x49c	0x491B0x26cB0x3c8
0x49d	0x491B0x26cB0x3c8
0x49e	0x491B0x26cB0x3c8
0x4a0	0x491B0x26cB0x3c8
0x4a2	0x491B0x26cB0x3c8
0x4a3	0x491B0x26cB0x3c8
0x4a8	0x491B0x26cB0x3c8
0x4ad	0x4acB0x26cB0x3c8
0x4af	0x4acB0x26cB0x3c8
0x4b1	0x4acB0x26cB0x3c8
0x4b4	0x4acB0x26cB0x3c8
0x4b7	0x4acB0x26cB0x3c8
0x4b8	0x4acB0x26cB0x3c8
0x4bc	0x4acB0x26cB0x3c8
0x4be	0x4acB0x26cB0x3c8
0x4c1	0x4acB0x26cB0x3c8
0x4c2	0x4acB0x26cB0x3c8
0x4c6	0x4c6B0x26cB0x3c8
0x4c8	0x4c6B0x26cB0x3c8
0x4cb	0x4c6B0x26cB0x3c8
0x4cd	0x4c6B0x26cB0x3c8
0x4ce	0x4c6B0x26cB0x3c8
0x4d0	0x4c6B0x26cB0x3c8
0x4d1	0x4c6B0x26cB0x3c8
0x4d2	0x4c6B0x26cB0x3c8
0x4d4	0x4c6B0x26cB0x3c8
0x4d5	0x4c6B0x26cB0x3c8
0x4d8	0x4c6B0x26cB0x3c8
0x4db	0x4c6B0x26cB0x3c8
0x4dc	0x4c6B0x26cB0x3c8
0x4de	0x4c6B0x26cB0x3c8
0x4e1	0x4c6B0x26cB0x3c8
0x4e3	0x4c6B0x26cB0x3c8
0x4e8	0x4e7B0x26cB0x3c8
0x4f2	0x4ecB0x26cB0x3c8
0x4f8	0x4ecB0x26cB0x3c8
0x792	0x791B0x26cB0x3c8
0x795	0x791B0x26cB0x3c8
0x796	0x791B0x26cB0x3c8
0x79b	0x791B0x26cB0x3c8
0x79e	0x791B0x26cB0x3c8
0x79f	0x791B0x26cB0x3c8
0x7a7	0x7a3B0x26cB0x3c8
0x879	0x878B0x26cB0x3c8
0x87b	0x878B0x26cB0x3c8
0x87e	0x878B0x26cB0x3c8
0x4fb	0x4ecB0x26cB0x3c8
0x435	0x42bB0x26cB0x3c8
0x21e	0x217B0xe4
0x490	0x43bB0x26cB0x3c8
0x4ab	0x491B0x26cB0x3c8
0x4e6	0x4c6B0x26cB0x3c8
0x7ac	0x7a3B0x26cB0x3c8
0x238	0x21fB0xe4
0x43a	0x436B0x26cB0x3c8
0x4c5	0x4acB0x26cB0x3c8
0x880	0x878B0x26cB0x3c8
0x446	0x43bB0x26cB0x3c8
0x44d	0x43bB0x26cB0x3c8
0x454	0x43bB0x26cB0x3c8
0x47a	0x43bB0x26cB0x3c8
0x489	0x43bB0x26cB0x3c8
0x4d7	0x4c6B0x26cB0x3c8
0x4da	0x4c6B0x26cB0x3c8
0x4e2	0x4c6B0x26cB0x3c8
0x240	0x239B0xe4
0x7a2	0x791B0x26cB0x3c8
0x505	0x4fcB0x26cB0x3c8
0x119	0x118B0x80
0x11c	0x118B0x80
0x121	0x120B0x80
0x123	0x120B0x80
0x125	0x120B0x80
0x127	0x120B0x80
0x128	0x120B0x80
0x129	0x120B0x80
0x12a	0x120B0x80
0x12b	0x120B0x80
0x12d	0x120B0x80
0x12f	0x120B0x80
0x131	0x120B0x80
0x132	0x120B0x80
0x133	0x120B0x80
0x134	0x120B0x80
0x135	0x120B0x80
0x136	0x120B0x80
0x13a	0x13aB0x80
0x13e	0x13aB0x80
0x140	0x13aB0x80
0x142	0x13aB0x80
0x144	0x13aB0x80
0x145	0x13aB0x80
0x149	0x13aB0x80
0x14e	0x13aB0x80
0x150	0x13aB0x80
0x165	0x164B0x93
0x168	0x164B0x93
0x16d	0x16cB0x93
0x16f	0x16cB0x93
0x171	0x16cB0x93
0x173	0x16cB0x93
0x174	0x16cB0x93
0x175	0x16cB0x93
0x176	0x16cB0x93
0x177	0x16cB0x93
0x179	0x16cB0x93
0x17b	0x16cB0x93
0x17d	0x16cB0x93
0x17e	0x16cB0x93
0x17f	0x16cB0x93
0x180	0x16cB0x93
0x181	0x16cB0x93
0x182	0x16cB0x93
0x186	0x186B0x93
0x18e	0x186B0x93
0x190	0x186B0x93
0x191	0x186B0x93
0x195	0x186B0x93
0x196	0x186B0x93
0x197	0x186B0x93
0x199	0x186B0x93
0x19a	0x186B0x93
0x19c	0x186B0x93
0x19f	0x186B0x93
0x1a0	0x186B0x93
0x1ab	0x186B0x93
0x1ad	0x186B0x93
0x1b4	0x186B0x93
0x1b7	0x186B0x93
0x1bd	0x186B0x93
0x1c1	0x186B0x93
0x1c9	0x1c8B0x93
0x1ce	0x1cdB0x93
0x1d1	0x1cdB0x93
0x3d8	0x3d7B0x239B0xe4
0x3f9	0x3d7B0x239B0xe4
0x3fc	0x3d7B0x239B0xe4
0x401	0x400B0x239B0xe4
0x404	0x400B0x239B0xe4
0x405	0x400B0x239B0xe4
0x407	0x400B0x239B0xe4
0x409	0x400B0x239B0xe4
0x40b	0x400B0x239B0xe4
0x40c	0x400B0x239B0xe4
0x40f	0x400B0x239B0xe4
0x414	0x400B0x239B0xe4
0x415	0x400B0x239B0xe4
0x418	0x400B0x239B0xe4
0x41a	0x400B0x239B0xe4
0x41b	0x400B0x239B0xe4
0x41d	0x400B0x239B0xe4
0x420	0x400B0x239B0xe4
0x423	0x400B0x239B0xe4
0x427	0x400B0x239B0xe4
0x618	0x617B0x4ecB0x26cB0x3c8
0x61b	0x617B0x4ecB0x26cB0x3c8
0x61c	0x617B0x4ecB0x26cB0x3c8
0x622	0x620B0x4ecB0x26cB0x3c8
0x628	0x626B0x4ecB0x26cB0x3c8
0x629	0x626B0x4ecB0x26cB0x3c8
0x62a	0x626B0x4ecB0x26cB0x3c8
0x62f	0x62eB0x4ecB0x26cB0x3c8
0x632	0x62eB0x4ecB0x26cB0x3c8
0x634	0x62eB0x4ecB0x26cB0x3c8
0x638	0x636B0x4ecB0x26cB0x3c8
0x63a	0x636B0x4ecB0x26cB0x3c8
0x63b	0x636B0x4ecB0x26cB0x3c8
0x63f	0x636B0x4ecB0x26cB0x3c8
0x641	0x636B0x4ecB0x26cB0x3c8
0x644	0x636B0x4ecB0x26cB0x3c8
0x646	0x636B0x4ecB0x26cB0x3c8
0x647	0x636B0x4ecB0x26cB0x3c8
0x64c	0x636B0x4ecB0x26cB0x3c8
0x651	0x650B0x52e
0x655	0x650B0x52e
0x65a	0x659B0x52e
0x65e	0x65eB0x52e
0x660	0x65eB0x52e
0x661	0x65eB0x52e
0x665	0x65eB0x52e
0x667	0x65eB0x52e
0x66a	0x65eB0x52e
0x66c	0x65eB0x52e
0x66f	0x65eB0x52e
0x671	0x65eB0x52e
0x673	0x65eB0x52e
0x676	0x65eB0x52e
0x678	0x65eB0x52e
0x699	0x65eB0x52e
0x69c	0x65eB0x52e
0x69e	0x65eB0x52e
0x6ac	0x65eB0x52e
0x6ae	0x65eB0x52e
0x6af	0x65eB0x52e
0x6b2	0x65eB0x52e
0x6b4	0x65eB0x52e
0x6b6	0x65eB0x52e
0x6b7	0x65eB0x52e
0x6bd	0x6bbB0x52e
0x6de	0x6bbB0x52e
0x6fa	0x6f9B0x71
0x6fa	0x6f9B0xd5
0x6fc	0x6f9B0x71
0x6fc	0x6f9B0xd5
0x700	0x6f9B0x71
0x700	0x6f9B0xd5
0x701	0x6f9B0x71
0x701	0x6f9B0xd5
0x702	0x6f9B0x71
0x702	0x6f9B0xd5
0x703	0x6f9B0x71
0x703	0x6f9B0xd5
0x70b	0x70aB0x71
0x70b	0x70aB0xd5
0x70f	0x70aB0x71
0x70f	0x70aB0xd5
0x7ae	0x7adB0x4ecB0x26cB0x3c8
0x7b0	0x7adB0x4ecB0x26cB0x3c8
0x7b5	0x7adB0x4ecB0x26cB0x3c8
0x7b7	0x7adB0x4ecB0x26cB0x3c8
0x7ba	0x7adB0x4ecB0x26cB0x3c8
0x7bc	0x7adB0x4ecB0x26cB0x3c8
0x7c0	0x7adB0x4ecB0x26cB0x3c8
0x7c3	0x7adB0x4ecB0x26cB0x3c8
0x7c4	0x7adB0x4ecB0x26cB0x3c8
0x7c7	0x7adB0x4ecB0x26cB0x3c8
0x7c8	0x7adB0x4ecB0x26cB0x3c8
0x7cd	0x7ccB0x4ecB0x26cB0x3c8
0x7cf	0x7ccB0x4ecB0x26cB0x3c8
0x7d0	0x7ccB0x4ecB0x26cB0x3c8
0x7d2	0x7ccB0x4ecB0x26cB0x3c8
0x7d3	0x7ccB0x4ecB0x26cB0x3c8
0x7d7	0x7ccB0x4ecB0x26cB0x3c8
0x7d8	0x7ccB0x4ecB0x26cB0x3c8
0x7da	0x7ccB0x4ecB0x26cB0x3c8
0x8c9	0x8c8B0x52e
0x8cb	0x8c8B0x52e
0x8ce	0x8c8B0x52e
0x658	0x650B0x52e
0x11f	0x118B0x80
0x16b	0x164B0x93
0x712	0x70aB0x71
0x712	0x70aB0xd5
0x1cc	0x1c8B0x93
0x1d4	0x1cdB0x93
0x625	0x620B0x4ecB0x26cB0x3c8
0x64f	0x636B0x4ecB0x26cB0x3c8
0x6ba	0x65eB0x52e
0x6e1	0x6bbB0x52e
0x7df	0x7ccB0x4ecB0x26cB0x3c8
0x139	0x120B0x80
0x185	0x16cB0x93
0x61f	0x617B0x4ecB0x26cB0x3c8
0x62d	0x626B0x4ecB0x26cB0x3c8
0x65d	0x659B0x52e
0x706	0x6f9B0x71
0x706	0x6f9B0xd5
0x635	0x62eB0x4ecB0x26cB0x3c8
0x709	0x707B0x71
0x709	0x707B0xd5
0x8d0	0x8c8B0x52e
0x1b3	0x186B0x93
0x147	0x13aB0x80
0x14c	0x13aB0x80
0x1a2	0x186B0x93
0x1aa	0x186B0x93
0x1bb	0x186B0x93
0x411	0x400B0x239B0xe4
0x419	0x400B0x239B0xe4
0x643	0x636B0x4ecB0x26cB0x3c8
0x669	0x65eB0x52e
0x670	0x65eB0x52e
0x677	0x65eB0x52e
0x69d	0x65eB0x52e
0x6b3	0x65eB0x52e
0x7b3	0x7adB0x4ecB0x26cB0x3c8
0x7bb	0x7adB0x4ecB0x26cB0x3c8
0x422	0x400B0x239B0xe4
0x153	0x13aB0x80
0x1c7	0x186B0x93
0x42a	0x400B0x239B0xe4
0x7cb	0x7adB0x4ecB0x26cB0x3c8
0xa74	0xa70B0x93
0xb8e	0xb8cB0x239B0xe4
0xbb4	0xbaeB0x4ecB0x26cB0x3c8
0xbda	0xbd4B0x71
0xbda	0xbd4B0xd5
0x620	0x620B0x4ecB0x26cB0x3c8
0x62e	0x62eB0x4ecB0x26cB0x3c8
0x707	0x707B0x71
0x707	0x707B0xd5
0x29a	0x298B0x650B0x52e
0x29a	0x298B0x42bB0x26cB0x3c8
0x29b	0x298B0x650B0x52e
0x29b	0x298B0x42bB0x26cB0x3c8
0x29c	0x298B0x650B0x52e
0x29c	0x298B0x42bB0x26cB0x3c8
0x37a	0x379B0x265
0x37a	0x379B0x1da
0x37a	0x379B0x241
0x37a	0x379B0x2a2
0x37a	0x379B0x118B0x80
0x37a	0x379B0x164B0x93
0x37a	0x379B0x217B0xe4
0x37a	0x379B0x3d7B0x239B0xe4
0x37c	0x379B0x265
0x37c	0x379B0x1da
0x37c	0x379B0x241
0x37c	0x379B0x2a2
0x37c	0x379B0x118B0x80
0x37c	0x379B0x164B0x93
0x37c	0x379B0x217B0xe4
0x37c	0x379B0x3d7B0x239B0xe4
0x507	0x506B0x346
0x509	0x506B0x346
0x52a	0x506B0x346
0x56f	0x56eB0x400B0x239B0xe4
0x571	0x56eB0x400B0x239B0xe4
0x573	0x56eB0x400B0x239B0xe4
0x575	0x56eB0x400B0x239B0xe4
0x576	0x56eB0x400B0x239B0xe4
0x578	0x56eB0x400B0x239B0xe4
0x579	0x56eB0x400B0x239B0xe4
0x57d	0x57dB0x400B0x239B0xe4
0x57f	0x57dB0x400B0x239B0xe4
0x580	0x57dB0x400B0x239B0xe4
0x584	0x57dB0x400B0x239B0xe4
0x586	0x57dB0x400B0x239B0xe4
0x589	0x57dB0x400B0x239B0xe4
0x58b	0x57dB0x400B0x239B0xe4
0x58e	0x57dB0x400B0x239B0xe4
0x590	0x57dB0x400B0x239B0xe4
0x592	0x57dB0x400B0x239B0xe4
0x595	0x57dB0x400B0x239B0xe4
0x597	0x57dB0x400B0x239B0xe4
0x5b8	0x57dB0x400B0x239B0xe4
0x5bb	0x57dB0x400B0x239B0xe4
0x5bd	0x57dB0x400B0x239B0xe4
0x5c4	0x57dB0x400B0x239B0xe4
0x5c6	0x57dB0x400B0x239B0xe4
0x5c7	0x57dB0x400B0x239B0xe4
0x5ca	0x57dB0x400B0x239B0xe4
0x5cc	0x57dB0x400B0x239B0xe4
0x5ce	0x57dB0x400B0x239B0xe4
0x5cf	0x57dB0x400B0x239B0xe4
0x5d5	0x5d3B0x400B0x239B0xe4
0x6e4	0x6e2B0x727
0x6e4	0x6e2B0x70aB0x71
0x6e4	0x6e2B0x70aB0xd5
0x6e5	0x6e2B0x727
0x6e5	0x6e2B0x70aB0x71
0x6e5	0x6e2B0x70aB0xd5
0x6e7	0x6e2B0x727
0x6e7	0x6e2B0x70aB0x71
0x6e7	0x6e2B0x70aB0xd5
0x6e9	0x6e2B0x727
0x6e9	0x6e2B0x70aB0x71
0x6e9	0x6e2B0x70aB0xd5
0x6eb	0x6e2B0x727
0x6eb	0x6e2B0x70aB0x71
0x6eb	0x6e2B0x70aB0xd5
0x6ec	0x6e2B0x727
0x6ec	0x6e2B0x70aB0x71
0x6ec	0x6e2B0x70aB0xd5
0x6ee	0x6e2B0x727
0x6ee	0x6e2B0x70aB0x71
0x6ee	0x6e2B0x70aB0xd5
0x6f0	0x6e2B0x727
0x6f0	0x6e2B0x70aB0x71
0x6f0	0x6e2B0x70aB0xd5
0x6f1	0x6e2B0x727
0x6f1	0x6e2B0x70aB0x71
0x6f1	0x6e2B0x70aB0xd5
0x6f5	0x6f5B0x727
0x6f5	0x6f5B0x70aB0x71
0x6f5	0x6f5B0x70aB0xd5
0x7e1	0x7e0B0x791B0x26cB0x3c8
0x7e1	0x7e0B0x7adB0x4ecB0x26cB0x3c8
0x7e6	0x7e3B0x791B0x26cB0x3c8
0x7e6	0x7e3B0x7adB0x4ecB0x26cB0x3c8
0x7e7	0x7e3B0x791B0x26cB0x3c8
0x7e7	0x7e3B0x7adB0x4ecB0x26cB0x3c8
0x7e8	0x7e3B0x791B0x26cB0x3c8
0x7e8	0x7e3B0x7adB0x4ecB0x26cB0x3c8
0x7ee	0x7ecB0x791B0x26cB0x3c8
0x7ee	0x7ecB0x7adB0x4ecB0x26cB0x3c8
0x7ef	0x7ecB0x791B0x26cB0x3c8
0x7ef	0x7ecB0x7adB0x4ecB0x26cB0x3c8
0x7f2	0x7ecB0x791B0x26cB0x3c8
0x7f2	0x7ecB0x7adB0x4ecB0x26cB0x3c8
0x7f4	0x7ecB0x791B0x26cB0x3c8
0x7f4	0x7ecB0x7adB0x4ecB0x26cB0x3c8
0x7f6	0x7ecB0x791B0x26cB0x3c8
0x7f6	0x7ecB0x7adB0x4ecB0x26cB0x3c8
0x7f7	0x7ecB0x791B0x26cB0x3c8
0x7f7	0x7ecB0x7adB0x4ecB0x26cB0x3c8
0x7fe	0x7fbB0x791B0x26cB0x3c8
0x7fe	0x7fbB0x7adB0x4ecB0x26cB0x3c8
0x800	0x7fbB0x791B0x26cB0x3c8
0x800	0x7fbB0x7adB0x4ecB0x26cB0x3c8
0x806	0x804B0x791B0x26cB0x3c8
0x806	0x804B0x7adB0x4ecB0x26cB0x3c8
0x809	0x804B0x791B0x26cB0x3c8
0x809	0x804B0x7adB0x4ecB0x26cB0x3c8
0x8a1	0x8a0B0x400B0x239B0xe4
0x8a3	0x8a0B0x400B0x239B0xe4
0x8a6	0x8a0B0x400B0x239B0xe4
0x52d	0x506B0x346
0x5d2	0x57dB0x400B0x239B0xe4
0x7fa	0x7ecB0x791B0x26cB0x3c8
0x7fa	0x7ecB0x7adB0x4ecB0x26cB0x3c8
0x57c	0x56eB0x400B0x239B0xe4
0x6f4	0x6e2B0x727
0x6f4	0x6e2B0x70aB0x71
0x6f4	0x6e2B0x70aB0xd5
0x7eb	0x7e3B0x791B0x26cB0x3c8
0x7eb	0x7e3B0x7adB0x4ecB0x26cB0x3c8
0x803	0x7fbB0x791B0x26cB0x3c8
0x803	0x7fbB0x7adB0x4ecB0x26cB0x3c8
0x6f8	0x6f5B0x727
0x6f8	0x6f5B0x70aB0x71
0x6f8	0x6f5B0x70aB0xd5
0x8a8	0x8a0B0x400B0x239B0xe4
0x588	0x57dB0x400B0x239B0xe4
0x58f	0x57dB0x400B0x239B0xe4
0x596	0x57dB0x400B0x239B0xe4
0x5bc	0x57dB0x400B0x239B0xe4
0x5cb	0x57dB0x400B0x239B0xe4
0x7f3	0x7ecB0x791B0x26cB0x3c8
0x7f3	0x7ecB0x7adB0x4ecB0x26cB0x3c8
0x80a	0x804B0x791B0x26cB0x3c8
0x80a	0x804B0x7adB0x4ecB0x26cB0x3c8
0x80b	0x804B0x791B0x26cB0x3c8
0x80b	0x804B0x7adB0x4ecB0x26cB0x3c8
0xbff	0xbfaB0x791B0x26cB0x3c8
0xbff	0xbfaB0x7adB0x4ecB0x26cB0x3c8
0x7ec	0x7ecB0x791B0x26cB0x3c8
0x7ec	0x7ecB0x7adB0x4ecB0x26cB0x3c8
0x804	0x804B0x791B0x26cB0x3c8
0x804	0x804B0x7adB0x4ecB0x26cB0x3c8
0x13	0xd
0x1a	0xd
0x1d	0xd
0x25	0x1e
0x28	0x1e
0x30	0x29
0x33	0x29
0x3b	0x34
0x3e	0x34
0x49	0x3f
0x67	0x65
0x6f	0x6d
0x72	0x71
0xa2	0xa0
0xa5	0xa4
0xcb	0xc9
0xd3	0xd1
0xd6	0xd5
0xeb	0xe9
0xf3	0xf1
0xf6	0xf5
0x102	0xfe0x0
0x102	0xfe0x1da
0x102	0xfe0x241
0x102	0xfe0xc0c
0x102	0xfe0x118B0x80
0x102	0xfe0x164B0x93
0x102	0xfe0x217B0xe4
0x105	0xfe0x0
0x105	0xfe0x1da
0x105	0xfe0x241
0x105	0xfe0xc0c
0x105	0xfe0x118B0x80
0x105	0xfe0x164B0x93
0x105	0xfe0x217B0xe4
0x107	0x1060x0
0x107	0x1060x1da
0x107	0x1060x241
0x107	0x1060xc0c
0x107	0x1060x118B0x80
0x107	0x1060x164B0x93
0x107	0x1060x217B0xe4
0x10a	0x1060x0
0x10a	0x1060x1da
0x10a	0x1060x241
0x10a	0x1060xc0c
0x10a	0x1060x118B0x80
0x10a	0x1060x164B0x93
0x10a	0x1060x217B0xe4
0x10d	0x1060x0
0x10d	0x1060x1da
0x10d	0x1060x241
0x10d	0x1060xc0c
0x10d	0x1060x118B0x80
0x10d	0x1060x164B0x93
0x10d	0x1060x217B0xe4
0x110	0x1060x0
0x110	0x1060x1da
0x110	0x1060x241
0x110	0x1060xc0c
0x110	0x1060x118B0x80
0x110	0x1060x164B0x93
0x110	0x1060x217B0xe4
0x112	0x1110x0
0x112	0x1110x1da
0x112	0x1110x241
0x112	0x1110xc0c
0x112	0x1110x118B0x80
0x112	0x1110x164B0x93
0x112	0x1110x217B0xe4
0x115	0x1110x0
0x115	0x1110x1da
0x115	0x1110x241
0x115	0x1110xc0c
0x115	0x1110x118B0x80
0x115	0x1110x164B0x93
0x115	0x1110x217B0xe4
0x13d	0x13aB0x80
0x141	0x13aB0x80
0x148	0x13aB0x80
0x14b	0x13aB0x80
0x14d	0x13aB0x80
0x155	0x1540x118B0x80
0x155	0x1540x217B0xe4
0x158	0x1540x118B0x80
0x158	0x1540x217B0xe4
0x15a	0x1590x118B0x80
0x15a	0x1590x217B0xe4
0x15d	0x1590x118B0x80
0x15d	0x1590x217B0xe4
0x160	0x1590x118B0x80
0x160	0x1590x217B0xe4
0x189	0x186B0x93
0x18a	0x186B0x93
0x18b	0x186B0x93
0x18c	0x186B0x93
0x18d	0x186B0x93
0x193	0x186B0x93
0x194	0x186B0x93
0x19d	0x186B0x93
0x19e	0x186B0x93
0x1a3	0x186B0x93
0x1a4	0x186B0x93
0x1a5	0x186B0x93
0x1a6	0x186B0x93
0x1a7	0x186B0x93
0x1a8	0x186B0x93
0x1a9	0x186B0x93
0x1ae	0x186B0x93
0x1af	0x186B0x93
0x1b0	0x186B0x93
0x1b1	0x186B0x93
0x1b2	0x186B0x93
0x1b6	0x186B0x93
0x1b8	0x186B0x93
0x1b9	0x186B0x93
0x1ba	0x186B0x93
0x1bc	0x186B0x93
0x1bf	0x186B0x93
0x1c0	0x186B0x93
0x1c4	0x186B0x93
0x1c5	0x186B0x93
0x1c6	0x186B0x93
0x206	0x2050x1da
0x206	0x2050x241
0x207	0x2050x1da
0x207	0x2050x241
0x208	0x2050x1da
0x208	0x2050x241
0x20b	0x2050x1da
0x20b	0x2050x241
0x20d	0x20c0x1da
0x20d	0x20c0x241
0x210	0x20c0x1da
0x210	0x20c0x241
0x213	0x20c0x1da
0x213	0x20c0x241
0x23c	0x239B0xe4
0x272	0x26cB0x3c8
0x273	0x26cB0x3c8
0x277	0x26cB0x3c8
0x27e	0x26cB0x3c8
0x281	0x26cB0x3c8
0x28b	0x26cB0x3c8
0x299	0x298B0x650B0x52e
0x299	0x298B0x42bB0x26cB0x3c8
0x29e	0x29d0x6e2B0x727
0x29e	0x29d0x6e2B0x70aB0x71
0x29e	0x29d0x6e2B0x70aB0xd5
0x29e	0x29d0x298B0x650B0x52e
0x29e	0x29d0x298B0x42bB0x26cB0x3c8
0x29f	0x29d0x6e2B0x727
0x29f	0x29d0x6e2B0x70aB0x71
0x29f	0x29d0x6e2B0x70aB0xd5
0x29f	0x29d0x298B0x650B0x52e
0x29f	0x29d0x298B0x42bB0x26cB0x3c8
0x2a0	0x29d0x6e2B0x727
0x2a0	0x29d0x6e2B0x70aB0x71
0x2a0	0x29d0x6e2B0x70aB0xd5
0x2a0	0x29d0x298B0x650B0x52e
0x2a0	0x29d0x298B0x42bB0x26cB0x3c8
0x2a1	0x29d0x6e2B0x727
0x2a1	0x29d0x6e2B0x70aB0x71
0x2a1	0x29d0x6e2B0x70aB0xd5
0x2a1	0x29d0x298B0x650B0x52e
0x2a1	0x29d0x298B0x42bB0x26cB0x3c8
0x2ce	0x2c4
0x2d4	0x2c4
0x2db	0x2c4
0x301	0x2c4
0x327	0x2c4
0x332	0x2c4
0x339	0x3380x2a2
0x339	0x3380x617B0x4ecB0x26cB0x3c8
0x33b	0x3380x2a2
0x33b	0x3380x617B0x4ecB0x26cB0x3c8
0x33c	0x3380x2a2
0x33c	0x3380x617B0x4ecB0x26cB0x3c8
0x33d	0x3380x2a2
0x33d	0x3380x617B0x4ecB0x26cB0x3c8
0x33e	0x3380x2a2
0x33e	0x3380x617B0x4ecB0x26cB0x3c8
0x33f	0x3380x2a2
0x33f	0x3380x617B0x4ecB0x26cB0x3c8
0x340	0x3380x2a2
0x340	0x3380x617B0x4ecB0x26cB0x3c8
0x351	0x350
0x352	0x350
0x353	0x350
0x356	0x3550x0
0x356	0x3550x1da
0x356	0x3550x241
0x356	0x3550xc0c
0x356	0x3550x118B0x80
0x356	0x3550x164B0x93
0x356	0x3550x217B0xe4
0x357	0x3550x0
0x357	0x3550x1da
0x357	0x3550x241
0x357	0x3550xc0c
0x357	0x3550x118B0x80
0x357	0x3550x164B0x93
0x357	0x3550x217B0xe4
0x359	0x3550x0
0x359	0x3550x1da
0x359	0x3550x241
0x359	0x3550xc0c
0x359	0x3550x118B0x80
0x359	0x3550x164B0x93
0x359	0x3550x217B0xe4
0x35a	0x3550x0
0x35a	0x3550x1da
0x35a	0x3550x241
0x35a	0x3550xc0c
0x35a	0x3550x118B0x80
0x35a	0x3550x164B0x93
0x35a	0x3550x217B0xe4
0x35b	0x3550x0
0x35b	0x3550x1da
0x35b	0x3550x241
0x35b	0x3550xc0c
0x35b	0x3550x118B0x80
0x35b	0x3550x164B0x93
0x35b	0x3550x217B0xe4
0x35d	0x3550x0
0x35d	0x3550x1da
0x35d	0x3550x241
0x35d	0x3550xc0c
0x35d	0x3550x118B0x80
0x35d	0x3550x164B0x93
0x35d	0x3550x217B0xe4
0x35e	0x3550x0
0x35e	0x3550x1da
0x35e	0x3550x241
0x35e	0x3550xc0c
0x35e	0x3550x118B0x80
0x35e	0x3550x164B0x93
0x35e	0x3550x217B0xe4
0x35f	0x3550x0
0x35f	0x3550x1da
0x35f	0x3550x241
0x35f	0x3550xc0c
0x35f	0x3550x118B0x80
0x35f	0x3550x164B0x93
0x35f	0x3550x217B0xe4
0x361	0x3550x0
0x361	0x3550x1da
0x361	0x3550x241
0x361	0x3550xc0c
0x361	0x3550x118B0x80
0x361	0x3550x164B0x93
0x361	0x3550x217B0xe4
0x362	0x3550x0
0x362	0x3550x1da
0x362	0x3550x241
0x362	0x3550xc0c
0x362	0x3550x118B0x80
0x362	0x3550x164B0x93
0x362	0x3550x217B0xe4
0x363	0x3550x0
0x363	0x3550x1da
0x363	0x3550x241
0x363	0x3550xc0c
0x363	0x3550x118B0x80
0x363	0x3550x164B0x93
0x363	0x3550x217B0xe4
0x364	0x3550x0
0x364	0x3550x1da
0x364	0x3550x241
0x364	0x3550xc0c
0x364	0x3550x118B0x80
0x364	0x3550x164B0x93
0x364	0x3550x217B0xe4
0x365	0x3550x0
0x365	0x3550x1da
0x365	0x3550x241
0x365	0x3550xc0c
0x365	0x3550x118B0x80
0x365	0x3550x164B0x93
0x365	0x3550x217B0xe4
0x367	0x3550x0
0x367	0x3550x1da
0x367	0x3550x241
0x367	0x3550xc0c
0x367	0x3550x118B0x80
0x367	0x3550x164B0x93
0x367	0x3550x217B0xe4
0x368	0x3550x0
0x368	0x3550x1da
0x368	0x3550x241
0x368	0x3550xc0c
0x368	0x3550x118B0x80
0x368	0x3550x164B0x93
0x368	0x3550x217B0xe4
0x369	0x3550x0
0x369	0x3550x1da
0x369	0x3550x241
0x369	0x3550xc0c
0x369	0x3550x118B0x80
0x369	0x3550x164B0x93
0x369	0x3550x217B0xe4
0x36a	0x3550x0
0x36a	0x3550x1da
0x36a	0x3550x241
0x36a	0x3550xc0c
0x36a	0x3550x118B0x80
0x36a	0x3550x164B0x93
0x36a	0x3550x217B0xe4
0x36b	0x3550x0
0x36b	0x3550x1da
0x36b	0x3550x241
0x36b	0x3550xc0c
0x36b	0x3550x118B0x80
0x36b	0x3550x164B0x93
0x36b	0x3550x217B0xe4
0x36c	0x3550x0
0x36c	0x3550x1da
0x36c	0x3550x241
0x36c	0x3550xc0c
0x36c	0x3550x118B0x80
0x36c	0x3550x164B0x93
0x36c	0x3550x217B0xe4
0x36f	0x3550x0
0x36f	0x3550x1da
0x36f	0x3550x241
0x36f	0x3550xc0c
0x36f	0x3550x118B0x80
0x36f	0x3550x164B0x93
0x36f	0x3550x217B0xe4
0x370	0x3700x0
0x370	0x3700x1da
0x370	0x3700x241
0x370	0x3700xc0c
0x370	0x3700x118B0x80
0x370	0x3700x164B0x93
0x370	0x3700x217B0xe4
0x371	0x3700x0
0x371	0x3700x1da
0x371	0x3700x241
0x371	0x3700xc0c
0x371	0x3700x118B0x80
0x371	0x3700x164B0x93
0x371	0x3700x217B0xe4
0x373	0x3700x0
0x373	0x3700x1da
0x373	0x3700x241
0x373	0x3700xc0c
0x373	0x3700x118B0x80
0x373	0x3700x164B0x93
0x373	0x3700x217B0xe4
0x375	0x3740x0
0x375	0x3740x1da
0x375	0x3740x241
0x375	0x3740xc0c
0x375	0x3740x118B0x80
0x375	0x3740x164B0x93
0x375	0x3740x217B0xe4
0x376	0x3740x0
0x376	0x3740x1da
0x376	0x3740x241
0x376	0x3740xc0c
0x376	0x3740x118B0x80
0x376	0x3740x164B0x93
0x376	0x3740x217B0xe4
0x378	0x3740x0
0x378	0x3740x1da
0x378	0x3740x241
0x378	0x3740xc0c
0x378	0x3740x118B0x80
0x378	0x3740x164B0x93
0x378	0x3740x217B0xe4
0x39e	0x39d0x379B0x265
0x39e	0x39d0x379B0x1da
0x39e	0x39d0x379B0x241
0x39e	0x39d0x506B0x346
0x39e	0x39d0x379B0x2a2
0x39e	0x39d0x379B0x118B0x80
0x39e	0x39d0x379B0x164B0x93
0x39e	0x39d0x379B0x217B0xe4
0x39e	0x39d0x379B0x3d7B0x239B0xe4
0x39f	0x39d0x379B0x265
0x39f	0x39d0x379B0x1da
0x39f	0x39d0x379B0x241
0x39f	0x39d0x506B0x346
0x39f	0x39d0x379B0x2a2
0x39f	0x39d0x379B0x118B0x80
0x39f	0x39d0x379B0x164B0x93
0x39f	0x39d0x379B0x217B0xe4
0x39f	0x39d0x379B0x3d7B0x239B0xe4
0x3a1	0x39d0x379B0x265
0x3a1	0x39d0x379B0x1da
0x3a1	0x39d0x379B0x241
0x3a1	0x39d0x506B0x346
0x3a1	0x39d0x379B0x2a2
0x3a1	0x39d0x379B0x118B0x80
0x3a1	0x39d0x379B0x164B0x93
0x3a1	0x39d0x379B0x217B0xe4
0x3a1	0x39d0x379B0x3d7B0x239B0xe4
0x3a3	0x39d0x379B0x265
0x3a3	0x39d0x379B0x1da
0x3a3	0x39d0x379B0x241
0x3a3	0x39d0x506B0x346
0x3a3	0x39d0x379B0x2a2
0x3a3	0x39d0x379B0x118B0x80
0x3a3	0x39d0x379B0x164B0x93
0x3a3	0x39d0x379B0x217B0xe4
0x3a3	0x39d0x379B0x3d7B0x239B0xe4
0x3a5	0x39d0x379B0x265
0x3a5	0x39d0x379B0x1da
0x3a5	0x39d0x379B0x241
0x3a5	0x39d0x506B0x346
0x3a5	0x39d0x379B0x2a2
0x3a5	0x39d0x379B0x118B0x80
0x3a5	0x39d0x379B0x164B0x93
0x3a5	0x39d0x379B0x217B0xe4
0x3a5	0x39d0x379B0x3d7B0x239B0xe4
0x3a6	0x39d0x379B0x265
0x3a6	0x39d0x379B0x1da
0x3a6	0x39d0x379B0x241
0x3a6	0x39d0x506B0x346
0x3a6	0x39d0x379B0x2a2
0x3a6	0x39d0x379B0x118B0x80
0x3a6	0x39d0x379B0x164B0x93
0x3a6	0x39d0x379B0x217B0xe4
0x3a6	0x39d0x379B0x3d7B0x239B0xe4
0x3a7	0x39d0x379B0x265
0x3a7	0x39d0x379B0x1da
0x3a7	0x39d0x379B0x241
0x3a7	0x39d0x506B0x346
0x3a7	0x39d0x379B0x2a2
0x3a7	0x39d0x379B0x118B0x80
0x3a7	0x39d0x379B0x164B0x93
0x3a7	0x39d0x379B0x217B0xe4
0x3a7	0x39d0x379B0x3d7B0x239B0xe4
0x3a8	0x39d0x379B0x265
0x3a8	0x39d0x379B0x1da
0x3a8	0x39d0x379B0x241
0x3a8	0x39d0x506B0x346
0x3a8	0x39d0x379B0x2a2
0x3a8	0x39d0x379B0x118B0x80
0x3a8	0x39d0x379B0x164B0x93
0x3a8	0x39d0x379B0x217B0xe4
0x3a8	0x39d0x379B0x3d7B0x239B0xe4
0x3a9	0x39d0x379B0x265
0x3a9	0x39d0x379B0x1da
0x3a9	0x39d0x379B0x241
0x3a9	0x39d0x506B0x346
0x3a9	0x39d0x379B0x2a2
0x3a9	0x39d0x379B0x118B0x80
0x3a9	0x39d0x379B0x164B0x93
0x3a9	0x39d0x379B0x217B0xe4
0x3a9	0x39d0x379B0x3d7B0x239B0xe4
0x3aa	0x39d0x379B0x265
0x3aa	0x39d0x379B0x1da
0x3aa	0x39d0x379B0x241
0x3aa	0x39d0x506B0x346
0x3aa	0x39d0x379B0x2a2
0x3aa	0x39d0x379B0x118B0x80
0x3aa	0x39d0x379B0x164B0x93
0x3aa	0x39d0x379B0x217B0xe4
0x3aa	0x39d0x379B0x3d7B0x239B0xe4
0x3ab	0x39d0x379B0x265
0x3ab	0x39d0x379B0x1da
0x3ab	0x39d0x379B0x241
0x3ab	0x39d0x506B0x346
0x3ab	0x39d0x379B0x2a2
0x3ab	0x39d0x379B0x118B0x80
0x3ab	0x39d0x379B0x164B0x93
0x3ab	0x39d0x379B0x217B0xe4
0x3ab	0x39d0x379B0x3d7B0x239B0xe4
0x3b0	0x3ac
0x3b8	0x3b5
0x3bb	0x3b5
0x3c1	0x3c0
0x3cb	0x3c8
0x3cc	0x3c8
0x403	0x400B0x239B0xe4
0x40d	0x400B0x239B0xe4
0x40e	0x400B0x239B0xe4
0x410	0x400B0x239B0xe4
0x412	0x400B0x239B0xe4
0x413	0x400B0x239B0xe4
0x417	0x400B0x239B0xe4
0x41e	0x400B0x239B0xe4
0x41f	0x400B0x239B0xe4
0x421	0x400B0x239B0xe4
0x426	0x400B0x239B0xe4
0x431	0x42bB0x26cB0x3c8
0x445	0x43bB0x26cB0x3c8
0x44b	0x43bB0x26cB0x3c8
0x452	0x43bB0x26cB0x3c8
0x478	0x43bB0x26cB0x3c8
0x487	0x43bB0x26cB0x3c8
0x494	0x491B0x26cB0x3c8
0x495	0x491B0x26cB0x3c8
0x49f	0x491B0x26cB0x3c8
0x4a6	0x491B0x26cB0x3c8
0x4a7	0x491B0x26cB0x3c8
0x4b2	0x4acB0x26cB0x3c8
0x4b3	0x4acB0x26cB0x3c8
0x4b5	0x4acB0x26cB0x3c8
0x4b6	0x4acB0x26cB0x3c8
0x4b9	0x4acB0x26cB0x3c8
0x4ba	0x4acB0x26cB0x3c8
0x4bb	0x4acB0x26cB0x3c8
0x4bd	0x4acB0x26cB0x3c8
0x4c0	0x4acB0x26cB0x3c8
0x4c9	0x4c6B0x26cB0x3c8
0x4ca	0x4c6B0x26cB0x3c8
0x4d3	0x4c6B0x26cB0x3c8
0x4d9	0x4c6B0x26cB0x3c8
0x4e0	0x4c6B0x26cB0x3c8
0x4ea	0x4e7B0x26cB0x3c8
0x4eb	0x4e7B0x26cB0x3c8
0x4ed	0x4ecB0x26cB0x3c8
0x4ee	0x4ecB0x26cB0x3c8
0x4ef	0x4ecB0x26cB0x3c8
0x4f0	0x4ecB0x26cB0x3c8
0x4f1	0x4ecB0x26cB0x3c8
0x4f5	0x4ecB0x26cB0x3c8
0x4f6	0x4ecB0x26cB0x3c8
0x4f7	0x4ecB0x26cB0x3c8
0x4fd	0x4fcB0x26cB0x3c8
0x4fe	0x4fcB0x26cB0x3c8
0x4ff	0x4fcB0x26cB0x3c8
0x500	0x4fcB0x26cB0x3c8
0x501	0x4fcB0x26cB0x3c8
0x502	0x4fcB0x26cB0x3c8
0x503	0x4fcB0x26cB0x3c8
0x504	0x4fcB0x26cB0x3c8
0x532	0x52e
0x543	0x537
0x545	0x537
0x567	0x537
0x56a	0x537
0x56c	0x537
0x577	0x56eB0x400B0x239B0xe4
0x587	0x57dB0x400B0x239B0xe4
0x58d	0x57dB0x400B0x239B0xe4
0x594	0x57dB0x400B0x239B0xe4
0x5ba	0x57dB0x400B0x239B0xe4
0x5c9	0x57dB0x400B0x239B0xe4
0x5d4	0x5d3B0x400B0x239B0xe4
0x5f7	0x5f60x650B0x52e
0x5f7	0x5f60x56eB0x400B0x239B0xe4
0x5f8	0x5f60x650B0x52e
0x5f8	0x5f60x56eB0x400B0x239B0xe4
0x5f9	0x5f60x650B0x52e
0x5f9	0x5f60x56eB0x400B0x239B0xe4
0x5fb	0x5f60x650B0x52e
0x5fb	0x5f60x56eB0x400B0x239B0xe4
0x5fd	0x5f60x650B0x52e
0x5fd	0x5f60x56eB0x400B0x239B0xe4
0x5ff	0x5f60x650B0x52e
0x5ff	0x5f60x56eB0x400B0x239B0xe4
0x600	0x5f60x650B0x52e
0x600	0x5f60x56eB0x400B0x239B0xe4
0x601	0x5f60x650B0x52e
0x601	0x5f60x56eB0x400B0x239B0xe4
0x602	0x5f60x650B0x52e
0x602	0x5f60x56eB0x400B0x239B0xe4
0x603	0x5f60x650B0x52e
0x603	0x5f60x56eB0x400B0x239B0xe4
0x605	0x5f60x650B0x52e
0x605	0x5f60x56eB0x400B0x239B0xe4
0x607	0x5f60x650B0x52e
0x607	0x5f60x56eB0x400B0x239B0xe4
0x609	0x5f60x650B0x52e
0x609	0x5f60x56eB0x400B0x239B0xe4
0x60a	0x5f60x650B0x52e
0x60a	0x5f60x56eB0x400B0x239B0xe4
0x60b	0x5f60x650B0x52e
0x60b	0x5f60x56eB0x400B0x239B0xe4
0x60c	0x5f60x650B0x52e
0x60c	0x5f60x56eB0x400B0x239B0xe4
0x60d	0x5f60x650B0x52e
0x60d	0x5f60x56eB0x400B0x239B0xe4
0x60e	0x5f60x650B0x52e
0x60e	0x5f60x56eB0x400B0x239B0xe4
0x60f	0x5f60x650B0x52e
0x60f	0x5f60x56eB0x400B0x239B0xe4
0x610	0x5f60x650B0x52e
0x610	0x5f60x56eB0x400B0x239B0xe4
0x611	0x5f60x650B0x52e
0x611	0x5f60x56eB0x400B0x239B0xe4
0x612	0x5f60x650B0x52e
0x612	0x5f60x56eB0x400B0x239B0xe4
0x613	0x5f60x650B0x52e
0x613	0x5f60x56eB0x400B0x239B0xe4
0x614	0x5f60x650B0x52e
0x614	0x5f60x56eB0x400B0x239B0xe4
0x615	0x5f60x650B0x52e
0x615	0x5f60x56eB0x400B0x239B0xe4
0x616	0x5f60x650B0x52e
0x616	0x5f60x56eB0x400B0x239B0xe4
0x61a	0x617B0x4ecB0x26cB0x3c8
0x621	0x620B0x4ecB0x26cB0x3c8
0x627	0x626B0x4ecB0x26cB0x3c8
0x630	0x62eB0x4ecB0x26cB0x3c8
0x631	0x62eB0x4ecB0x26cB0x3c8
0x637	0x636B0x4ecB0x26cB0x3c8
0x642	0x636B0x4ecB0x26cB0x3c8
0x64a	0x636B0x4ecB0x26cB0x3c8
0x64b	0x636B0x4ecB0x26cB0x3c8
0x654	0x650B0x52e
0x668	0x65eB0x52e
0x66e	0x65eB0x52e
0x675	0x65eB0x52e
0x69b	0x65eB0x52e
0x6b1	0x65eB0x52e
0x6bc	0x6bbB0x52e
0x6e3	0x6e2B0x727
0x6e3	0x6e2B0x70aB0x71
0x6e3	0x6e2B0x70aB0xd5
0x6ed	0x6e2B0x727
0x6ed	0x6e2B0x70aB0x71
0x6ed	0x6e2B0x70aB0xd5
0x6ef	0x6e2B0x727
0x6ef	0x6e2B0x70aB0x71
0x6ef	0x6e2B0x70aB0xd5
0x6f7	0x6f5B0x727
0x6f7	0x6f5B0x70aB0x71
0x6f7	0x6f5B0x70aB0xd5
0x6fe	0x6f9B0x71
0x6fe	0x6f9B0xd5
0x6ff	0x6f9B0x71
0x6ff	0x6f9B0xd5
0x708	0x707B0x71
0x708	0x707B0xd5
0x70e	0x70aB0x71
0x70e	0x70aB0xd5
0x716	0x713
0x71b	0x713
0x71c	0x713
0x725	0x724
0x72b	0x727
0x731	0x730
0x732	0x730
0x735	0x730
0x741	0x730
0x742	0x730
0x74a	0x749
0x74d	0x74c
0x74e	0x74c
0x750	0x74c
0x751	0x74c
0x752	0x74c
0x755	0x74c
0x75d	0x75c
0x760	0x75f
0x762	0x75f
0x763	0x75f
0x76b	0x76a
0x76e	0x76d
0x771	0x76d
0x772	0x76d
0x77c	0x77b
0x781	0x77e
0x783	0x77e
0x784	0x77e
0x785	0x77e
0x786	0x77e
0x787	0x77e
0x788	0x77e
0x789	0x77e
0x78a	0x77e
0x78b	0x77e
0x78c	0x77e
0x78d	0x77e
0x78e	0x77e
0x78f	0x77e
0x794	0x791B0x26cB0x3c8
0x799	0x791B0x26cB0x3c8
0x79a	0x791B0x26cB0x3c8
0x79d	0x791B0x26cB0x3c8
0x7a4	0x7a3B0x26cB0x3c8
0x7a5	0x7a3B0x26cB0x3c8
0x7a6	0x7a3B0x26cB0x3c8
0x7a8	0x7a3B0x26cB0x3c8
0x7a9	0x7a3B0x26cB0x3c8
0x7aa	0x7a3B0x26cB0x3c8
0x7ab	0x7a3B0x26cB0x3c8
0x7b2	0x7adB0x4ecB0x26cB0x3c8
0x7b4	0x7adB0x4ecB0x26cB0x3c8
0x7b6	0x7adB0x4ecB0x26cB0x3c8
0x7b9	0x7adB0x4ecB0x26cB0x3c8
0x7bf	0x7adB0x4ecB0x26cB0x3c8
0x7c2	0x7adB0x4ecB0x26cB0x3c8
0x7c6	0x7adB0x4ecB0x26cB0x3c8
0x7d4	0x7ccB0x4ecB0x26cB0x3c8
0x7d5	0x7ccB0x4ecB0x26cB0x3c8
0x7d6	0x7ccB0x4ecB0x26cB0x3c8
0x7db	0x7ccB0x4ecB0x26cB0x3c8
0x7dc	0x7ccB0x4ecB0x26cB0x3c8
0x7dd	0x7ccB0x4ecB0x26cB0x3c8
0x7de	0x7ccB0x4ecB0x26cB0x3c8
0x7e4	0x7e3B0x791B0x26cB0x3c8
0x7e4	0x7e3B0x7adB0x4ecB0x26cB0x3c8
0x7e5	0x7e3B0x791B0x26cB0x3c8
0x7e5	0x7e3B0x7adB0x4ecB0x26cB0x3c8
0x7ed	0x7ecB0x791B0x26cB0x3c8
0x7ed	0x7ecB0x7adB0x4ecB0x26cB0x3c8
0x7f0	0x7ecB0x791B0x26cB0x3c8
0x7f0	0x7ecB0x7adB0x4ecB0x26cB0x3c8
0x7f1	0x7ecB0x791B0x26cB0x3c8
0x7f1	0x7ecB0x7adB0x4ecB0x26cB0x3c8
0x7fc	0x7fbB0x791B0x26cB0x3c8
0x7fc	0x7fbB0x7adB0x4ecB0x26cB0x3c8
0x7fd	0x7fbB0x791B0x26cB0x3c8
0x7fd	0x7fbB0x7adB0x4ecB0x26cB0x3c8
0x805	0x804B0x791B0x26cB0x3c8
0x805	0x804B0x7adB0x4ecB0x26cB0x3c8
0x808	0x804B0x791B0x26cB0x3c8
0x808	0x804B0x7adB0x4ecB0x26cB0x3c8
0x87c	0x878B0x26cB0x3c8
0x87d	0x878B0x26cB0x3c8
0x87f	0x878B0x26cB0x3c8
0x8a4	0x8a0B0x400B0x239B0xe4
0x8a5	0x8a0B0x400B0x239B0xe4
0x8a7	0x8a0B0x400B0x239B0xe4
0x8cc	0x8c8B0x52e
0x8cd	0x8c8B0x52e
0x8cf	0x8c8B0x52e
0x980	0x974
0x981	0x974
0x983	0x974
0x98b	0x974
0x98c	0x974
0x98e	0x974
0x9dc	0x9d0
0x9dd	0x9d0
0x9df	0x9d0
0x9e7	0x9d0
0x9e8	0x9d0
0x9ea	0x9d0
0xa2d	0xa2c0x118B0x80
0xa2d	0xa2c0x217B0xe4
0xa2e	0xa2c0x118B0x80
0xa2e	0xa2c0x217B0xe4
0xa71	0xa70B0x93
0xa72	0xa70B0x93
0xa73	0xa70B0x93
0xab9	0xab80x1da
0xab9	0xab80x241
0xaba	0xab80x1da
0xaba	0xab80x241
0xafd	0xafcB0x3c8
0xafe	0xafcB0x3c8
0xaff	0xafcB0x3c8
0xb00	0xafcB0x3c8
0xb01	0xafcB0x3c8
0xb44	0xb43
0xb45	0xb43
0xb46	0xb43
0xb68	0xb67
0xb69	0xb67
0xb6a	0xb67
0xb6b	0xb67
0xb8d	0xb8cB0x239B0xe4
0xbaf	0xbaeB0x4ecB0x26cB0x3c8
0xbb0	0xbaeB0x4ecB0x26cB0x3c8
0xbb1	0xbaeB0x4ecB0x26cB0x3c8
0xbb2	0xbaeB0x4ecB0x26cB0x3c8
0xbb3	0xbaeB0x4ecB0x26cB0x3c8
0xbd5	0xbd4B0x71
0xbd5	0xbd4B0xd5
0xbd6	0xbd4B0x71
0xbd6	0xbd4B0xd5
0xbd7	0xbd4B0x71
0xbd7	0xbd4B0xd5
0xbd8	0xbd4B0x71
0xbd8	0xbd4B0xd5
0xbd9	0xbd4B0x71
0xbd9	0xbd4B0xd5
0xbfb	0xbfaB0x791B0x26cB0x3c8
0xbfb	0xbfaB0x7adB0x4ecB0x26cB0x3c8
0xbfc	0xbfaB0x791B0x26cB0x3c8
0xbfc	0xbfaB0x7adB0x4ecB0x26cB0x3c8
0xbfd	0xbfaB0x791B0x26cB0x3c8
0xbfd	0xbfaB0x7adB0x4ecB0x26cB0x3c8
0xbfe	0xbfaB0x791B0x26cB0x3c8
0xbfe	0xbfaB0x7adB0x4ecB0x26cB0x3c8
