0x1bb3	0x1bb3arg0x1	1
0x1bb3	0x1bb3arg0x0	0
0x1cb1	0x1cb1arg0x1	1
0x1cb1	0x1cb1arg0x0	0
0x1cb1	0x1cb1arg0x2	2
0x1d4c	0x1d4carg0x1	1
0x1d4c	0x1d4carg0x0	0
0x1e54	0x1e54arg0x2	2
0x1e54	0x1e54arg0x1	1
0x1e54	0x1e54arg0x0	0
0x1fbd	0x1fbdarg0x1	1
0x1fbd	0x1fbdarg0x2	2
0x1fbd	0x1fbdarg0x0	0
0x1fbd	0x1fbdarg0x3	3
0x1a6d	0x1a6darg0x2	2
0x1a6d	0x1a6darg0x1	1
0x1a6d	0x1a6darg0x0	0
0x1a6d	0x1a6darg0x3	3
0x22dd	0x22ddarg0x0	0
0x22dd	0x22ddarg0x1	1
0x2450	0x2450arg0x2	2
0x2450	0x2450arg0x0	0
0x2450	0x2450arg0x1	1
0x25f6	0x25f6arg0x0	0
0x25f6	0x25f6arg0x1	1
0x2fa4	0x2fa4arg0x0	0
0x2fa4	0x2fa4arg0x1	1
0x34a8	0x34a8arg0x0	0
0x34a8	0x34a8arg0x1	1
0x30f4	0x30f4arg0x0	0
0x3b88	0x3b88arg0x1	1
0x3b88	0x3b88arg0x0	0
0x330b	0x330barg0x2	2
0x330b	0x330barg0x1	1
0x330b	0x330barg0x0	0
0x330b	0x330barg0x3	3
0x432a	0x432aarg0x0	0
0x432a	0x432aarg0x1	1
0x3d94	0x3d94arg0x0	0
0x3d94	0x3d94arg0x1	1
