0x40	0x40
0x0	0x0
0x60	0x60
0x1f	0x1f
0x4	0x4
0xf	0xf
0x2	0x2
0x5	0x5
0x7	0x7
0x8	0x8
0xd	0xd
0x10	0x10
0x12	0x12
0x14	0x14
0x19	0x19
0x1a	0x1a
0x24	0x24
0x2a	0x2a
0x2f	0x2f
0x35	0x35
0x3a	0x3a
0x45	0x45
0x4a	0x4a
0x50	0x50
0x55	0x55
0x5b	0x5b
0x66	0x66
0x6b	0x6b
0x71	0x71
0x74	0x74
0x7b	0x7b
0x7d	0x7d
0x7e	0x7e
0x82	0x82
0x88	0x88
0x8b	0x8b
0x8e	0x8e
0x8f	0x8f
0x90	0x90
0x93	0x93
0x94	0x94
0x95	0x95
0x99	0x99
0x9f	0x9f
0xa0	0xa0
0xa2	0xa2
0xa4	0xa4
0xa6	0xa6
0xa7	0xa7
0xa8	0xa8
0xa9	0xa9
0xae	0xae
0xb1	0xb1
0xb4	0xb4
0xb5	0xb5
0xb6	0xb6
0xb9	0xb9
0xba	0xba
0xbb	0xbb
0xbf	0xbf
0xc4	0xc4
0xc6	0xc6
0xc8	0xc8
0xca	0xca
0xcb	0xcb
0xcd	0xcd
0xce	0xce
0xd2	0xd2
0xd4	0xd4
0xd7	0xd7
0xd8	0xd8
0xdb	0xdb
0xdc	0xdc
0xdd	0xdd
0xe4	0xe4
0xe5	0xe5
0xe6	0xe6
0xea	0xea
0xf0	0xf0
0xf2	0xf2
0xf5	0xf5
0xf6	0xf6
0xf7	0xf7
0xf8	0xf8
0xfc	0xfc
0x102	0x102
0x104	0x104
0x106	0x106
0x109	0x109
0x10c	0x10c
0x10e	0x10e
0x10f	0x10f
0x110	0x110
0x117	0x117
0x118	0x118
0x119	0x119
0x11a	0x11a
0x11e	0x11e
0x129	0x129
0x12e	0x12e
0x130	0x130
0x131	0x131
0x135	0x135
0x13b	0x13b
0x13e	0x13e
0x15f	0x15f
0x161	0x161
0x162	0x162
0x166	0x166
0x16c	0x16c
0x16f	0x16f
0x172	0x172
0x173	0x173
0x174	0x174
0x177	0x177
0x178	0x178
0x179	0x179
0x17d	0x17d
0x183	0x183
0x184	0x184
0x186	0x186
0x188	0x188
0x18a	0x18a
0x18b	0x18b
0x18c	0x18c
0x18d	0x18d
0x192	0x192
0x195	0x195
0x198	0x198
0x199	0x199
0x19a	0x19a
0x19d	0x19d
0x19e	0x19e
0x19f	0x19f
0x1a3	0x1a3
0x1a8	0x1a8
0x1aa	0x1aa
0x1ac	0x1ac
0x1ae	0x1ae
0x1af	0x1af
0x1b1	0x1b1
0x1b3	0x1b3
0x1b5	0x1b5
0x1b8	0x1b8
0x1b9	0x1b9
0x1bc	0x1bc
0x1bf	0x1bf
0x1c1	0x1c1
0x1c4	0x1c4
0x1c5	0x1c5
0x1c8	0x1c8
0x1c9	0x1c9
0x1ca	0x1ca
0x1d1	0x1d1
0x1d2	0x1d2
0x1d3	0x1d3
0x1d7	0x1d7
0x1dd	0x1dd
0x1df	0x1df
0x1e2	0x1e2
0x1e3	0x1e3
0x1e4	0x1e4
0x1e5	0x1e5
0x1e9	0x1e9
0x1ef	0x1ef
0x1f1	0x1f1
0x1f3	0x1f3
0x1f6	0x1f6
0x1f9	0x1f9
0x1fb	0x1fb
0x1fc	0x1fc
0x1fd	0x1fd
0x204	0x204
0x205	0x205
0x206	0x206
0x207	0x207
0x20b	0x20b
0x214	0x214
0x216	0x216
0x217	0x217
0x21b	0x21b
0x21c	0x21c
0x21d	0x21d
0x21f	0x21f
0x220	0x220
0x222	0x222
0x225	0x225
0x226	0x226
0x231	0x231
0x233	0x233
0x23a	0x23a
0x23d	0x23d
0x246	0x246
0x251	0x251
0x254	0x254
0x257	0x257
0x258	0x258
0x259	0x259
0x25c	0x25c
0x25d	0x25d
0x25e	0x25e
0x262	0x262
0x267	0x267
0x269	0x269
0x26b	0x26b
0x26d	0x26d
0x26e	0x26e
0x270	0x270
0x271	0x271
0x275	0x275
0x277	0x277
0x27a	0x27a
0x27b	0x27b
0x27e	0x27e
0x27f	0x27f
0x280	0x280
0x287	0x287
0x288	0x288
0x289	0x289
0x28d	0x28d
0x293	0x293
0x295	0x295
0x298	0x298
0x299	0x299
0x29a	0x29a
0x29b	0x29b
0x29f	0x29f
0x2a5	0x2a5
0x2a7	0x2a7
0x2a9	0x2a9
0x2ac	0x2ac
0x2af	0x2af
0x2b1	0x2b1
0x2b2	0x2b2
0x2b3	0x2b3
0x2ba	0x2ba
0x2bb	0x2bb
0x2bc	0x2bc
0x2bd	0x2bd
0x2c1	0x2c1
0x2ca	0x2ca
0x2cc	0x2cc
0x2cd	0x2cd
0x2d1	0x2d1
0x2d2	0x2d2
0x2d3	0x2d3
0x2d5	0x2d5
0x2d6	0x2d6
0x2d8	0x2d8
0x2db	0x2db
0x2dc	0x2dc
0x2e7	0x2e7
0x2e9	0x2e9
0x2f0	0x2f0
0x2f3	0x2f3
0x2fc	0x2fc
0x307	0x307
0x309	0x309
0x30a	0x30a
0x30e	0x30e
0x314	0x314
0x317	0x317
0x336	0x336
0x339	0x339
0x33e	0x33e
0x340	0x340
0x342	0x342
0x344	0x344
0x345	0x345
0x346	0x346
0x347	0x347
0x348	0x348
0x34a	0x34a
0x34c	0x34c
0x34e	0x34e
0x34f	0x34f
0x350	0x350
0x351	0x351
0x352	0x352
0x353	0x353
0x357	0x357
0x35b	0x35b
0x370	0x370
0x373	0x373
0x378	0x378
0x37a	0x37a
0x37c	0x37c
0x37e	0x37e
0x37f	0x37f
0x380	0x380
0x381	0x381
0x382	0x382
0x384	0x384
0x386	0x386
0x388	0x388
0x389	0x389
0x38a	0x38a
0x38b	0x38b
0x38c	0x38c
0x38d	0x38d
0x391	0x391
0x395	0x395
0x39a	0x39a
0x39d	0x39d
0x39f	0x39f
0x3a1	0x3a1
0x3a3	0x3a3
0x3a4	0x3a4
0x3a5	0x3a5
0x3a8	0x3a8
0x3aa	0x3aa
0x3b2	0x3b2
0x3b4	0x3b4
0x3b6	0x3b6
0x3b9	0x3b9
0x3c3	0x3c3
0x3c6	0x3c6
0x3c7	0x3c7
0x3cb	0x3cb
0x3cd	0x3cd
0x3d0	0x3d0
0x3d1	0x3d1
0x3d5	0x3d5
0x3d7	0x3d7
0x3da	0x3da
0x3dc	0x3dc
0x3dd	0x3dd
0x3df	0x3df
0x3e0	0x3e0
0x3e1	0x3e1
0x3e3	0x3e3
0x3e4	0x3e4
0x3e7	0x3e7
0x3ea	0x3ea
0x3eb	0x3eb
0x3ed	0x3ed
0x3f0	0x3f0
0x3f2	0x3f2
0x3f7	0x3f7
0x401	0x401
0x405	0x405
0x40b	0x40b
0x410	0x410
0x413	0x413
0x41d	0x41d
0x41f	0x41f
0x422	0x422
0x427	0x427
0x429	0x429
0x42b	0x42b
0x42d	0x42d
0x42e	0x42e
0x42f	0x42f
0x430	0x430
0x431	0x431
0x433	0x433
0x435	0x435
0x437	0x437
0x438	0x438
0x439	0x439
0x43a	0x43a
0x43b	0x43b
0x43c	0x43c
0x440	0x440
0x443	0x443
0x45a	0x45a
0x45d	0x45d
0x462	0x462
0x464	0x464
0x466	0x466
0x468	0x468
0x469	0x469
0x46a	0x46a
0x46b	0x46b
0x46c	0x46c
0x46e	0x46e
0x470	0x470
0x472	0x472
0x473	0x473
0x474	0x474
0x475	0x475
0x476	0x476
0x477	0x477
0x47b	0x47b
0x47d	0x47d
0x47f	0x47f
0x481	0x481
0x482	0x482
0x484	0x484
0x485	0x485
0x489	0x489
0x48b	0x48b
0x48c	0x48c
0x490	0x490
0x492	0x492
0x495	0x495
0x497	0x497
0x49a	0x49a
0x49c	0x49c
0x49f	0x49f
0x4a2	0x4a2
0x4a6	0x4a6
0x4a8	0x4a8
0x4aa	0x4aa
0x4ad	0x4ad
0x4b1	0x4b1
0x4b3	0x4b3
0x4b7	0x4b7
0x4b9	0x4b9
0x4bc	0x4bc
0x4c0	0x4c0
0x4e1	0x4e1
0x4e4	0x4e4
0x4e9	0x4e9
0x4ec	0x4ec
0x4ed	0x4ed
0x4ef	0x4ef
0x4f1	0x4f1
0x4f3	0x4f3
0x4f4	0x4f4
0x4f7	0x4f7
0x4fc	0x4fc
0x4fd	0x4fd
0x500	0x500
0x503	0x503
0x507	0x507
0x508	0x508
0x50b	0x50b
0x50f	0x50f
0x514	0x514
0x516	0x516
0x519	0x519
0x51e	0x51e
0x520	0x520
0x522	0x522
0x524	0x524
0x525	0x525
0x526	0x526
0x527	0x527
0x528	0x528
0x52c	0x52c
0x531	0x531
0x536	0x536
0x53b	0x53b
0x53f	0x53f
0x624	0x624
0x626	0x626
0x629	0x629
0x62e	0x62e
0x630	0x630
0x632	0x632
0x634	0x634
0x635	0x635
0x636	0x636
0x637	0x637
0x638	0x638
0x63a	0x63a
0x63c	0x63c
0x63e	0x63e
0x63f	0x63f
0x640	0x640
0x641	0x641
0x642	0x642
0x643	0x643
0x647	0x647
0x64a	0x64a
0x64f	0x64f
0x652	0x652
0x729	0x729
0x72d	0x72d
0x732	0x732
0x736	0x736
0x738	0x738
0x739	0x739
0x73d	0x73d
0x73f	0x73f
0x742	0x742
0x744	0x744
0x747	0x747
0x749	0x749
0x74c	0x74c
0x74f	0x74f
0x753	0x753
0x755	0x755
0x757	0x757
0x75a	0x75a
0x75e	0x75e
0x760	0x760
0x764	0x764
0x766	0x766
0x769	0x769
0x76d	0x76d
0x988	0x988
0x98b	0x98b
0x98c	0x98c
0x98e	0x98e
0x990	0x990
0x992	0x992
0x993	0x993
0x996	0x996
0x999	0x999
0x99d	0x99d
0x99e	0x99e
0x9a0	0x9a0
0xa26	0xa26
0xa29	0xa29
0xa2a	0xa2a
0xa2c	0xa2c
0xa2e	0xa2e
0xa30	0xa30
0xa31	0xa31
0xa34	0xa34
0xa37	0xa37
0xa3b	0xa3b
0xa3c	0xa3c
0xa3e	0xa3e
0xbdd	0xd
0xbdd	0xbed
0xbdf	0xbf9
0xbdf	0x29
0xbe1	0xbfc
0xbe1	0x34
0xbe3	0x3f
0xbe3	0xbff
0xbe5	0x4a
0xbe5	0xc02
0xbe7	0xbf0
0xbe7	0x5a
0xbe9	0xbf3
0xbe9	0x65
0xbeb	0xbed
0xbeb	0xbf6
0x141	0x141
0x31a	0x31a
0x6920x70	0x692
0x6920x7a	0x692
0x6920xad	0x692
0x6920x15e	0x692
0x6920x41c	0x692
0x6920x623	0x692
0x6170x250	0x617
0x6080x250	0x608
0x5e70x250	0x5e7
0x5a80x250	0x5a8
0x5920x250	0x592
0x56d0x250	0x56d
0x5610x250	0x561
0x5580x250	0x558
0x5460x250	0x546
0x4520x41c	0x452
0x4520x623	0x452
0x44a0x41c	0x44a
0x44a0x623	0x44a
0x3680x7a	0x368
0x3680x15e	0x368
0x3600x7a	0x360
0x3600x15e	0x360
0x32f0x70	0x32f
0x32f0x7a	0x32f
0x32f0xad	0x32f
0x32f0x15e	0x32f
0x32f0x41c	0x32f
0x32f0x623	0x32f
0x3270x70	0x327
0x3270x7a	0x327
0x3270xad	0x327
0x3270x15e	0x327
0x3270x41c	0x327
0x3270x623	0x327
0x31c0x70	0x31c
0x31c0x7a	0x31c
0x31c0xad	0x31c
0x31c0x15e	0x31c
0x31c0x41c	0x31c
0x31c0x623	0x31c
0x69c0x70	0x69c
0x69c0x7a	0x69c
0x69c0xad	0x69c
0x69c0x15e	0x69c
0x69c0x41c	0x69c
0x69c0x623	0x69c
0x69b0x70	0x69b
0x69b0x7a	0x69b
0x69b0xad	0x69b
0x69b0x15e	0x69b
0x69b0x41c	0x69b
0x69b0x623	0x69b
0x6970x70	0x697
0x6970x7a	0x697
0x6970xad	0x697
0x6970x15e	0x697
0x6970x41c	0x697
0x6970x623	0x697
0x6960x70	0x696
0x6960x7a	0x696
0x6960xad	0x696
0x6960x15e	0x696
0x6960x41c	0x696
0x6960x623	0x696
0x6910x70	0x691
0x6910x7a	0x691
0x6910xad	0x691
0x6910x15e	0x691
0x6910x41c	0x691
0x6910x623	0x691
0x68b0x70	0x68b
0x68b0x7a	0x68b
0x68b0xad	0x68b
0x68b0x15e	0x68b
0x68b0x41c	0x68b
0x68b0x623	0x68b
0x68a0x70	0x68a
0x68a0x7a	0x68a
0x68a0xad	0x68a
0x68a0x15e	0x68a
0x68a0x41c	0x68a
0x68a0x623	0x68a
0x6890x70	0x689
0x6890x7a	0x689
0x6890xad	0x689
0x6890x15e	0x689
0x6890x41c	0x689
0x6890x623	0x689
0x6880x70	0x688
0x6880x7a	0x688
0x6880xad	0x688
0x6880x15e	0x688
0x6880x41c	0x688
0x6880x623	0x688
0x6850x70	0x685
0x6850x7a	0x685
0x6850xad	0x685
0x6850x15e	0x685
0x6850x41c	0x685
0x6850x623	0x685
0x6840x70	0x684
0x6840x7a	0x684
0x6840xad	0x684
0x6840x15e	0x684
0x6840x41c	0x684
0x6840x623	0x684
0x6810x70	0x681
0x6810x7a	0x681
0x6810xad	0x681
0x6810x15e	0x681
0x6810x41c	0x681
0x6810x623	0x681
0x67d0x70	0x67d
0x67d0x7a	0x67d
0x67d0xad	0x67d
0x67d0x15e	0x67d
0x67d0x41c	0x67d
0x67d0x623	0x67d
0x67c0x70	0x67c
0x67c0x7a	0x67c
0x67c0xad	0x67c
0x67c0x15e	0x67c
0x67c0x41c	0x67c
0x67c0x623	0x67c
0x61b0x250	0x61b
0x60d0x250	0x60d
0x6060x250	0x606
0x6030x250	0x603
0x6010x250	0x601
0x6000x250	0x600
0x5fd0x250	0x5fd
0x5fa0x250	0x5fa
0x5f90x250	0x5f9
0x5f70x250	0x5f7
0x5f60x250	0x5f6
0x5f50x250	0x5f5
0x5f30x250	0x5f3
0x5f20x250	0x5f2
0x5f00x250	0x5f0
0x5ed0x250	0x5ed
0x5eb0x250	0x5eb
0x5e60x250	0x5e6
0x5e30x250	0x5e3
0x5e10x250	0x5e1
0x5dd0x250	0x5dd
0x5dc0x250	0x5dc
0x5d90x250	0x5d9
0x5d60x250	0x5d6
0x5d40x250	0x5d4
0x5d20x250	0x5d2
0x5ce0x250	0x5ce
0x5c30x250	0x5c3
0x5c00x250	0x5c0
0x5bf0x250	0x5bf
0x5bc0x250	0x5bc
0x5bb0x250	0x5bb
0x5b90x250	0x5b9
0x5b70x250	0x5b7
0x5b60x250	0x5b6
0x5b30x250	0x5b3
0x5b20x250	0x5b2
0x5b00x250	0x5b0
0x5ad0x250	0x5ad
0x5a70x250	0x5a7
0x5a50x250	0x5a5
0x5a10x250	0x5a1
0x59f0x250	0x59f
0x59c0x250	0x59c
0x59a0x250	0x59a
0x5970x250	0x597
0x5910x250	0x591
0x58e0x250	0x58e
0x5880x250	0x588
0x5860x250	0x586
0x5840x250	0x584
0x5800x250	0x580
0x57e0x250	0x57e
0x57c0x250	0x57c
0x57b0x250	0x57b
0x57a0x250	0x57a
0x5780x250	0x578
0x5760x250	0x576
0x5740x250	0x574
0x5710x250	0x571
0x56c0x250	0x56c
0x56b0x250	0x56b
0x5650x250	0x565
0x55c0x250	0x55c
0x5570x250	0x557
0x5560x250	0x556
0x5550x250	0x555
0x5540x250	0x554
0x5520x250	0x552
0x5500x250	0x550
0x54e0x250	0x54e
0x5490x250	0x549
0x5440x250	0x544
0x44f0x41c	0x44f
0x44f0x623	0x44f
0x3650x7a	0x365
0x3650x15e	0x365
0x32a0x70	0x32a
0x32a0x7a	0x32a
0x32a0xad	0x32a
0x32a0x15e	0x32a
0x32a0x41c	0x32a
0x32a0x623	0x32a
0x3240x70	0x324
0x3240x7a	0x324
0x3240xad	0x324
0x3240x15e	0x324
0x3240x41c	0x324
0x3240x623	0x324
0x31f0x70	0x31f
0x31f0x7a	0x31f
0x31f0xad	0x31f
0x31f0x15e	0x31f
0x31f0x41c	0x31f
0x31f0x623	0x31f
0x6c5S0x357	0x6c5
0x6c9S0x357	0x6c9
0x6ceS0x357	0x6ce
0x6d0S0x357	0x6d0
0x6d1S0x357	0x6d1
0x6d3S0x357	0x6d3
0x6d5S0x357	0x6d5
0x6d7S0x357	0x6d7
0x6d8S0x357	0x6d8
0x6daS0x357	0x6da
0x6dcS0x357	0x6dc
0x6feS0x357	0x6fe
0x6c5S0x391	0x6c5
0x6c9S0x391	0x6c9
0x6ceS0x391	0x6ce
0x6d0S0x391	0x6d0
0x6d1S0x391	0x6d1
0x6d3S0x391	0x6d3
0x6d5S0x391	0x6d5
0x6d7S0x391	0x6d7
0x6d8S0x391	0x6d8
0x6daS0x391	0x6da
0x6dcS0x391	0x6dc
0x6feS0x391	0x6fe
0x657S0x440	0x657
0x678S0x440	0x678
0x6a0S0x647	0x6a0
0x6c1S0x647	0x6c1
0x6a0S0x335	0x6a0
0x6c1S0x335	0x6c1
0x6a0S0x36f	0x6a0
0x6c1S0x36f	0x6c1
0x6a0S0x41c	0x6a0
0x6c1S0x41c	0x6c1
0x6a0S0x459	0x6a0
0x6c1S0x459	0x6c1
0x657S0x513	0x657
0x678S0x513	0x678
0x6a0S0x623	0x6a0
0x6c1S0x623	0x6c1
0x6a0S0x4bf	0x6a0
0x6c1S0x4bf	0x6c1
0x705S0x4e8	0x705
0x705S0x53a	0x705
0x7f1S0x728	0x7f1
0x7f4S0x728	0x7f4
0x7f5S0x728	0x7f5
0x818S0x728	0x818
0x81aS0x728	0x81a
0x81cS0x728	0x81c
0x822S0x728	0x822
0x823S0x728	0x823
0x657S0x3230x70	0x657
0x678S0x3230x70	0x678
0x657S0x3230x7a	0x657
0x678S0x3230x7a	0x678
0x657S0x3230xad	0x657
0x678S0x3230xad	0x678
0x657S0x3230x15e	0x657
0x678S0x3230x15e	0x678
0x657S0x3230x41c	0x657
0x678S0x3230x41c	0x678
0x657S0x3230x623	0x657
0x678S0x3230x623	0x678
0x657S0x5430x250	0x657
0x678S0x5430x250	0x678
0x61b0x543S0x530	0x61b
0x6080x543S0x530	0x608
0x6060x543S0x530	0x606
0x6030x543S0x530	0x603
0x6010x543S0x530	0x601
0x6000x543S0x530	0x600
0x5fd0x543S0x530	0x5fd
0x5fa0x543S0x530	0x5fa
0x5f90x543S0x530	0x5f9
0x5f70x543S0x530	0x5f7
0x5f60x543S0x530	0x5f6
0x5f50x543S0x530	0x5f5
0x5f30x543S0x530	0x5f3
0x5f20x543S0x530	0x5f2
0x5f00x543S0x530	0x5f0
0x5ed0x543S0x530	0x5ed
0x5eb0x543S0x530	0x5eb
0x5880x543S0x530	0x588
0x5860x543S0x530	0x586
0x5840x543S0x530	0x584
0x5800x543S0x530	0x580
0x57e0x543S0x530	0x57e
0x57c0x543S0x530	0x57c
0x57b0x543S0x530	0x57b
0x57a0x543S0x530	0x57a
0x5780x543S0x530	0x578
0x5760x543S0x530	0x576
0x5740x543S0x530	0x574
0x5710x543S0x530	0x571
0x55c0x543S0x530	0x55c
0x544S0x530	0x544
0x546S0x530	0x546
0x549S0x530	0x549
0x6170x543S0x530	0x617
0x5e70x543S0x530	0x5e7
0x5e60x543S0x530	0x5e6
0x5e30x543S0x530	0x5e3
0x5e10x543S0x530	0x5e1
0x5dd0x543S0x530	0x5dd
0x5dc0x543S0x530	0x5dc
0x5d90x543S0x530	0x5d9
0x5d60x543S0x530	0x5d6
0x5d40x543S0x530	0x5d4
0x5d20x543S0x530	0x5d2
0x5ce0x543S0x530	0x5ce
0x5c30x543S0x530	0x5c3
0x5c00x543S0x530	0x5c0
0x5bf0x543S0x530	0x5bf
0x5bc0x543S0x530	0x5bc
0x5bb0x543S0x530	0x5bb
0x5b90x543S0x530	0x5b9
0x5b70x543S0x530	0x5b7
0x5b60x543S0x530	0x5b6
0x5b30x543S0x530	0x5b3
0x5b20x543S0x530	0x5b2
0x5b00x543S0x530	0x5b0
0x5ad0x543S0x530	0x5ad
0x5a80x543S0x530	0x5a8
0x5a70x543S0x530	0x5a7
0x5a50x543S0x530	0x5a5
0x5a10x543S0x530	0x5a1
0x59f0x543S0x530	0x59f
0x59c0x543S0x530	0x59c
0x59a0x543S0x530	0x59a
0x5970x543S0x530	0x597
0x5920x543S0x530	0x592
0x5910x543S0x530	0x591
0x58e0x543S0x530	0x58e
0x56d0x543S0x530	0x56d
0x56c0x543S0x530	0x56c
0x56b0x543S0x530	0x56b
0x5610x543S0x530	0x561
0x5650x543S0x530	0x565
0x5580x543S0x530	0x558
0x5570x543S0x530	0x557
0x5560x543S0x530	0x556
0x5550x543S0x530	0x555
0x5540x543S0x530	0x554
0x5520x543S0x530	0x552
0x5500x543S0x530	0x550
0x54e0x543S0x530	0x54e
0x60d0x543S0x530	0x60d
0x657S0x543S0x530	0x657
0x678S0x543S0x530	0x678
0x7b2S0x64e	0x7b2
0x7b4S0x64e	0x7b4
0x7b5S0x64e	0x7b5
0x7b9S0x64e	0x7b9
0x7bbS0x64e	0x7bb
0x7beS0x64e	0x7be
0x7c0S0x64e	0x7c0
0x7c3S0x64e	0x7c3
0x7c5S0x64e	0x7c5
0x7c8S0x64e	0x7c8
0x7cbS0x64e	0x7cb
0x7cfS0x64e	0x7cf
0x7d1S0x64e	0x7d1
0x7d3S0x64e	0x7d3
0x7d6S0x64e	0x7d6
0x7daS0x64e	0x7da
0x7dcS0x64e	0x7dc
0x7e0S0x64e	0x7e0
0x7e2S0x64e	0x7e2
0x7e5S0x64e	0x7e5
0x791S0x64e	0x791
0x794S0x64e	0x794
0x799S0x64e	0x799
0x79bS0x64e	0x79b
0x79dS0x64e	0x79d
0x79fS0x64e	0x79f
0x7a0S0x64e	0x7a0
0x7a1S0x64e	0x7a1
0x7a2S0x64e	0x7a2
0x7a3S0x64e	0x7a3
0x7a5S0x64e	0x7a5
0x7a7S0x64e	0x7a7
0x7a9S0x64e	0x7a9
0x7aaS0x64e	0x7aa
0x7abS0x64e	0x7ab
0x7acS0x64e	0x7ac
0x7adS0x64e	0x7ad
0x7aeS0x64e	0x7ae
0x7e9S0x64e	0x7e9
0x7ecS0x64e	0x7ec
0x6a0S0x790S0x64e	0x6a0
0x6c1S0x790S0x64e	0x6c1
0x446	0x446
0x51c	0x51c
0x33c	0x33c
0x376	0x376
0x425	0x425
0x460	0x460
0x4e7	0x4e7
0x62c	0x62c
0x64d	0x64d
0x730	0x730
0x32d0x70	0x32d
0x32d0x7a	0x32d
0x32d0xad	0x32d
0x32d0x15e	0x32d
0x32d0x41c	0x32d
0x32d0x623	0x32d
0x54c0x250	0x54c
0x4d	0x4d
0x77	0x77
0xac	0xac
0x12c	0x12c
0x190	0x190
0x24f	0x24f
0x305	0x305
0x3f5	0x3f5
0x40e	0x40e
0x416	0x416
0xac9	0xac9
0xb55	0xb55
0x3320x70	0x332
0x3320x7a	0x332
0x3320xad	0x332
0x3320x15e	0x332
0x3320x41c	0x332
0x3320x623	0x332
0x3630x7a	0x363
0x3630x15e	0x363
0x36b0x7a	0x36b
0x36b0x15e	0x36b
0x44d0x41c	0x44d
0x44d0x623	0x44d
0x4550x41c	0x455
0x4550x623	0x455
0x5ab0x250	0x5ab
0x60b0x250	0x60b
0x6220x250	0x622
0xa830x7a	0xa83
0xa830x15e	0xa83
0xb790x250	0xb79
0x946	0x946
0x967	0x967
0x9c3	0x9c3
0x9e4	0x9e4
0xa05	0xa05
0x1d	0x1d
0x81	0x81
0x98	0x98
0xbe	0xbe
0xe9	0xe9
0xfb	0xfb
0x11d	0x11d
0x134	0x134
0x165	0x165
0x17c	0x17c
0x1a2	0x1a2
0x1d6	0x1d6
0x1e8	0x1e8
0x20a	0x20a
0x261	0x261
0x28c	0x28c
0x29e	0x29e
0x2c0	0x2c0
0x30d	0x30d
0x356	0x356
0x390	0x390
0x3d4	0x3d4
0x404	0x404
0x43f	0x43f
0x47a	0x47a
0x488	0x488
0x52b	0x52b
0x646	0x646
0x735	0x735
0xbde	0xd
0xbde	0xbed
0xbe0	0xbf9
0xbe0	0x29
0xbe2	0xbfc
0xbe2	0x34
0xbe4	0x3f
0xbe4	0xbff
0xbe6	0x4a
0xbe6	0xc02
0xbe8	0xbf0
0xbe8	0x5a
0xbea	0xbf3
0xbea	0x65
0xbec	0xbed
0xbec	0xbf6
0x55b0x250	0x55b
0x5700x250	0x570
0x5950x250	0x595
0x5ea0x250	0x5ea
0x61a0x250	0x61a
0x6950x70	0x695
0x6950x7a	0x695
0x6950xad	0x695
0x6950x15e	0x695
0x6950x41c	0x695
0x6950x623	0x695
0x9a2	0x9a2
0xa40	0xa40
0x6990x70	0x699
0x6990x7a	0x699
0x6990xad	0x699
0x6990x15e	0x699
0x6990x41c	0x699
0x6990x623	0x699
0x85	0x85
0x9c	0x9c
0xc2	0xc2
0xed	0xed
0xff	0xff
0x121	0x121
0x138	0x138
0x169	0x169
0x180	0x180
0x1a6	0x1a6
0x1da	0x1da
0x1ec	0x1ec
0x20e	0x20e
0x265	0x265
0x290	0x290
0x2a2	0x2a2
0x2c4	0x2c4
0x311	0x311
0x408	0x408
0x4be	0x4be
0x52f	0x52f
0x76b	0x76b
0x55f0x250	0x55f
0x61e0x250	0x61e
0x69e0x70	0x69e
0x69e0x7a	0x69e
0x69e0xad	0x69e
0x69e0x15e	0x69e
0x69e0x41c	0x69e
0x69e0x623	0x69e
0x4b0	0x4b0
0x75d	0x75d
0x239	0x239
0x2ef	0x2ef
0x3b1	0x3b1
0x6800x70	0x680
0x6800x7a	0x680
0x6800xad	0x680
0x6800x15e	0x680
0x6800x41c	0x680
0x6800x623	0x680
0x228	0x228
0x230	0x230
0x241	0x241
0x2de	0x2de
0x2e6	0x2e6
0x2f7	0x2f7
0x3e6	0x3e6
0x3e9	0x3e9
0x494	0x494
0x4a1	0x4a1
0x4a5	0x4a5
0x4f9	0x4f9
0x501	0x501
0x741	0x741
0x74e	0x74e
0x752	0x752
0x998	0x998
0xa36	0xa36
0x5990x250	0x599
0x5c50x250	0x5c5
0x5fc0x250	0x5fc
0x5ff0x250	0x5ff
0x78e	0x78e
0x50a	0x50a
0x3f1	0x3f1
0x6070x250	0x607
0x68e0x70	0x68e
0x68e0x7a	0x68e
0x68e0xad	0x68e
0x68e0x15e	0x68e
0x68e0x41c	0x68e
0x68e0x623	0x68e
0x35e	0x35e
0x398	0x398
0x512	0x512
0x539	0x539
0x542	0x542
0x655	0x655
0x3220x70	0x322
0x3220x7a	0x322
0x3220xad	0x322
0x3220x15e	0x322
0x3220x41c	0x322
0x3220x623	0x322
0x5680x250	0x568
0x78f	0x78f
0xb9a	0xb9a
0xb0f0x41c	0xb0f
0xb0f0x623	0xb0f
0x6ccS0x357	0x6cc
0x701S0x357	0x701
0x703S0x357	0x703
0x6ccS0x391	0x6cc
0x701S0x391	0x701
0x703S0x391	0x703
0x67aS0x440	0x67a
0x6c3S0x647	0x6c3
0x6c3S0x335	0x6c3
0x6c3S0x36f	0x6c3
0x6c3S0x41c	0x6c3
0x6c3S0x459	0x6c3
0x67aS0x513	0x67a
0x6c3S0x623	0x6c3
0x6c3S0x4bf	0x6c3
0x726S0x4e8	0x726
0x727S0x4e8	0x727
0x726S0x53a	0x726
0x727S0x53a	0x727
0x81fS0x728	0x81f
0x82bS0x728	0x82b
0x67aS0x3230x70	0x67a
0x67aS0x3230x7a	0x67a
0x67aS0x3230xad	0x67a
0x67aS0x3230x15e	0x67a
0x67aS0x3230x41c	0x67a
0x67aS0x3230x623	0x67a
0x67aS0x5430x250	0x67a
0x61e0x543S0x530	0x61e
0x60b0x543S0x530	0x60b
0x5fc0x543S0x530	0x5fc
0x5ff0x543S0x530	0x5ff
0x6070x543S0x530	0x607
0x55f0x543S0x530	0x55f
0x54cS0x530	0x54c
0x61a0x543S0x530	0x61a
0x5ea0x543S0x530	0x5ea
0x5c50x543S0x530	0x5c5
0x5ab0x543S0x530	0x5ab
0x5990x543S0x530	0x599
0x5950x543S0x530	0x595
0x5700x543S0x530	0x570
0x5680x543S0x530	0x568
0x55b0x543S0x530	0x55b
0x6220x543S0x530	0x622
0xb790x543S0x530	0xb79
0x67aS0x543S0x530	0x67a
0x7e7S0x64e	0x7e7
0x7d9S0x64e	0x7d9
0x7bdS0x64e	0x7bd
0x7caS0x64e	0x7ca
0x7ceS0x64e	0x7ce
0x797S0x64e	0x797
0x7b1S0x64e	0x7b1
0x7efS0x64e	0x7ef
0xbbbS0x64e	0xbbb
0x6c3S0x790S0x64e	0x6c3
0xbdcS0x7e8S0x64e	0xbdc
