0x210	0x2d3fdc9
0x22a	0x6fdde03
0x2a7	0x95ea7b3
0x2f4	0x18160ddd
0x2fc	0x23b872dd
0x33f	0x29a2ce9c
0x35e	0x2e440403
0x37c	0x313ce567
0x384	0x3820a686
0x3b7	0x39509351
0x3f0	0x39826dac
0x3f8	0x40c10f19
0x431	0x41e92edc
0x439	0x42966c68
0x456	0x4e71e0c8
0x45e	0x52006050
0x481	0x5c131d70
0x489	0x70a08231
0x4bc	0x80749656
0x4f7	0x88ee39cc
0x532	0x8da5cb5b
0x563	0x95d89b41
0x56b	0x9a6a30a4
0x59e	0xa457c2d7
0x5d7	0xa9059cbb
0x610	0xb1684b17
0x618	0xcb4136c7
0x620	0xd01dd6d2
0x65b	0xdcb2126e
0x663	0xdd62ed3e
0x69e	0xe30c3978
0x6a6	0xecae1e0c
0x6d9	0xf2fde38b
0x291d	0x00000000
